{
  "selectedFeatures": [
    "broad_factor",
    "tech_factor",
    "semi_factor",
    "wti_z",
    "gold_z",
    "us10y_z"
  ],
  "rmse": 51.2239,
  "mae": 31.7614,
  "featureImportance": {
    "ewy_core": 0.354259,
    "krw_core": 0.2,
    "broad_factor": 0.138723,
    "tech_factor": 0.627186,
    "semi_factor": 0.537704,
    "wti_z": 0.456737,
    "gold_z": 0.198075,
    "us10y_z": 0.472373,
    "basis_ewma": 0.0,
    "k200_to_kospi_beta": 0.324561
  },
  "ewyFxCorrection": {
    "intercept": 0.26082205301135397,
    "ewy_coef": 0.3542587188425242,
    "krw_coef": 0.2,
    "sample_size": 180,
    "r2": 0.26703920677115967,
    "mae": 1.085934194941115
  },
  "residualModel": {
    "intercept": -0.15230726202747688,
    "coefficients": {
      "broad_factor": -0.13872275285220995,
      "tech_factor": -0.6271855878108288,
      "semi_factor": -0.5377039035336655,
      "wti_z": 0.45673724308671393,
      "gold_z": -0.19807520673099854,
      "us10y_z": 0.47237324074969295
    },
    "means": {
      "sp500": 0.13294930143794437,
      "nasdaq": 0.2290625288824666,
      "dow": 0.06333133741308193,
      "sox": 0.6260114641796355,
      "wti": 0.37343118894343075,
      "gold": 0.07058493893346318,
      "us10y": 0.004004510606113433
    },
    "stds": {
      "sp500": 0.8595078105669524,
      "nasdaq": 1.177979129769046,
      "dow": 0.8384455035315442,
      "sox": 2.4747787319689305,
      "wti": 4.440962609783475,
      "gold": 1.9878735199951592,
      "us10y": 0.039680678165991794
    },
    "broad_pca_components": [
      0.6049900500464263,
      0.5727343899068693,
      0.5531386426230126
    ],
    "sox_ndx_beta": 0.8626263801467547,
    "basis_ewma": 0.0,
    "weight": 0.0,
    "sample_size": 180,
    "mae": 1.6481983859159552,
    "core_mae": 1.8853949298372974,
    "full_mae": 1.6481983859159552
  },
  "k200Mapping": {
    "intercept": 0.24721414744092793,
    "beta": 0.32456051599765023,
    "sample_size": 240
  },
  "modelMode": "EWYCoreSyntheticK200+ResidualRidge+KOSPIMapping",
  "generatedAt": "2026-05-14T10:33:55.145311+00:00"
}