{
  "selectedFeatures": [
    "broad_factor",
    "tech_factor",
    "semi_factor",
    "wti_z",
    "gold_z",
    "us10y_z"
  ],
  "rmse": 50.4809,
  "mae": 31.2255,
  "featureImportance": {
    "ewy_core": 0.355875,
    "krw_core": 0.2,
    "broad_factor": 0.078617,
    "tech_factor": 0.135887,
    "semi_factor": 0.263415,
    "wti_z": 0.468794,
    "gold_z": 0.227311,
    "us10y_z": 0.382042,
    "basis_ewma": 0.0,
    "k200_to_kospi_beta": 0.320028
  },
  "ewyFxCorrection": {
    "intercept": 0.2666213554884705,
    "ewy_coef": 0.3558746026259683,
    "krw_coef": 0.2,
    "sample_size": 180,
    "r2": 0.24091725057062796,
    "mae": 1.0773865146046926
  },
  "residualModel": {
    "intercept": -0.09230812671741291,
    "coefficients": {
      "broad_factor": -0.07861735899689813,
      "tech_factor": -0.13588718702662095,
      "semi_factor": -0.26341480208059964,
      "wti_z": 0.46879418322029176,
      "gold_z": -0.22731145000896627,
      "us10y_z": 0.382042178539702
    },
    "means": {
      "sp500": 0.10191732530581549,
      "nasdaq": 0.170578464914496,
      "dow": 0.054625700978703756,
      "sox": 0.530722646997173,
      "wti": 0.4209642654921788,
      "gold": 0.029810956046376666,
      "us10y": 0.0029695530268462494
    },
    "stds": {
      "sp500": 0.8765198005733603,
      "nasdaq": 1.167563001143411,
      "dow": 0.8621462964126332,
      "sox": 2.358781174090626,
      "wti": 4.5038490584796405,
      "gold": 2.047538315640787,
      "us10y": 0.039784183314694736
    },
    "broad_pca_components": [
      0.6019486980077418,
      0.5809760795984155,
      0.5478362528176101
    ],
    "sox_ndx_beta": 0.8577653993539668,
    "basis_ewma": 0.0,
    "weight": 0.0,
    "sample_size": 180,
    "mae": 1.5907832470517447,
    "core_mae": 1.8552095214547346,
    "full_mae": 1.5907832470517447
  },
  "k200Mapping": {
    "intercept": 0.25860343475173947,
    "beta": 0.32002767469872917,
    "sample_size": 240
  },
  "modelMode": "EWYCoreSyntheticK200+ResidualRidge+KOSPIMapping",
  "generatedAt": "2026-05-07T21:37:34.059990+00:00"
}