{
  "selectedFeatures": [
    "broad_factor",
    "tech_factor",
    "semi_factor",
    "wti_z",
    "gold_z",
    "us10y_z"
  ],
  "rmse": 50.6379,
  "mae": 31.5364,
  "featureImportance": {
    "ewy_core": 0.363368,
    "krw_core": 0.2,
    "broad_factor": 0.119252,
    "tech_factor": 0.532042,
    "semi_factor": 0.510316,
    "wti_z": 0.42098,
    "gold_z": 0.194065,
    "us10y_z": 0.532224,
    "basis_ewma": 0.373101,
    "k200_to_kospi_beta": 0.357191
  },
  "ewyFxCorrection": {
    "intercept": 0.28241396204242136,
    "ewy_coef": 0.36336818074829724,
    "krw_coef": 0.2,
    "sample_size": 180,
    "r2": 0.27325747307438386,
    "mae": 1.0838493480537068
  },
  "residualModel": {
    "intercept": -0.07258146805410648,
    "coefficients": {
      "broad_factor": -0.11925200653523418,
      "tech_factor": -0.5320415948561851,
      "semi_factor": -0.5103164758328592,
      "wti_z": 0.4209802364839036,
      "gold_z": -0.19406493571139194,
      "us10y_z": 0.5322244638332368
    },
    "means": {
      "sp500": 0.12494364587700711,
      "nasdaq": 0.2149019152928083,
      "dow": 0.0663534728743,
      "sox": 0.5930305716399888,
      "wti": 0.39588502556499283,
      "gold": 0.06490810566359216,
      "us10y": 0.0037677650084152804
    },
    "stds": {
      "sp500": 0.8643188338646111,
      "nasdaq": 1.1827927943090355,
      "dow": 0.8444450522871513,
      "sox": 2.4820626832730124,
      "wti": 4.470934785541001,
      "gold": 2.0024283024962,
      "us10y": 0.03994188026748747
    },
    "broad_pca_components": [
      0.6049321441585092,
      0.573533662283738,
      0.5523732788533424
    ],
    "sox_ndx_beta": 0.861566305145844,
    "basis_ewma": 0.3731010174924147,
    "weight": 1.0,
    "sample_size": 180,
    "mae": 1.545909564001977,
    "core_mae": 1.8667182069805457,
    "full_mae": 1.545909564001977
  },
  "k200Mapping": {
    "intercept": 0.2117198146612996,
    "beta": 0.3571908283311903,
    "sample_size": 240
  },
  "modelMode": "EWYCoreSyntheticK200+ResidualRidge+KOSPIMapping",
  "generatedAt": "2026-05-14T22:40:26.820569+00:00"
}