{
  "selectedFeatures": [
    "broad_factor",
    "tech_factor",
    "semi_factor",
    "wti_z",
    "gold_z",
    "us10y_z"
  ],
  "rmse": 48.306,
  "mae": 29.8495,
  "featureImportance": {
    "ewy_core": 0.37345,
    "krw_core": 0.2,
    "broad_factor": 0.019329,
    "tech_factor": 0.045298,
    "semi_factor": 0.478908,
    "wti_z": 0.47716,
    "gold_z": 0.198015,
    "us10y_z": 0.400147,
    "basis_ewma": 0.0,
    "k200_to_kospi_beta": 0.352703
  },
  "ewyFxCorrection": {
    "intercept": 0.19058763419539865,
    "ewy_coef": 0.3734499082096727,
    "krw_coef": 0.2,
    "sample_size": 180,
    "r2": 0.24543424604496855,
    "mae": 1.0436268621835583
  },
  "residualModel": {
    "intercept": -0.1019794912576287,
    "coefficients": {
      "broad_factor": 0.0193287884901691,
      "tech_factor": -0.045297957353070316,
      "semi_factor": -0.4789084823740967,
      "wti_z": 0.4771601824447758,
      "gold_z": -0.1980152276732867,
      "us10y_z": 0.40014654972618546
    },
    "means": {
      "sp500": 0.07998702347775045,
      "nasdaq": 0.10779000260332737,
      "dow": 0.05013269951469235,
      "sox": 0.3698171978989692,
      "wti": 0.315546108788908,
      "gold": 0.10819020365982408,
      "us10y": 0.0022770924960293
    },
    "stds": {
      "sp500": 0.9123589664053192,
      "nasdaq": 1.1867192606454902,
      "dow": 0.8927693826107076,
      "sox": 2.3432026399387618,
      "wti": 4.337267845905273,
      "gold": 2.163124448453173,
      "us10y": 0.04083039117114741
    },
    "broad_pca_components": [
      0.5965465802443077,
      0.5830842730209913,
      0.5514933437081577
    ],
    "sox_ndx_beta": 0.863160140090102,
    "basis_ewma": 0.0,
    "weight": 0.0,
    "sample_size": 180,
    "mae": 1.5045167256629037,
    "core_mae": 1.7611823259736932,
    "full_mae": 1.5045167256629037
  },
  "k200Mapping": {
    "intercept": 0.183676081776902,
    "beta": 0.35270263276100056,
    "sample_size": 240
  },
  "modelMode": "EWYCoreSyntheticK200+ResidualRidge+KOSPIMapping",
  "generatedAt": "2026-04-17T01:58:55.558148+00:00"
}