{
  "selectedFeatures": [
    "broad_factor",
    "tech_factor",
    "semi_factor",
    "wti_z",
    "gold_z",
    "us10y_z"
  ],
  "rmse": 50.8272,
  "mae": 31.573,
  "featureImportance": {
    "ewy_core": 0.393605,
    "krw_core": 0.2,
    "broad_factor": 0.127743,
    "tech_factor": 0.371897,
    "semi_factor": 0.451368,
    "wti_z": 0.414483,
    "gold_z": 0.199306,
    "us10y_z": 0.484693,
    "basis_ewma": 0.059676,
    "k200_to_kospi_beta": 0.375561
  },
  "ewyFxCorrection": {
    "intercept": 0.21032613946916948,
    "ewy_coef": 0.3936050478167004,
    "krw_coef": 0.2,
    "sample_size": 180,
    "r2": 0.28427764316474535,
    "mae": 1.0857413322111982
  },
  "residualModel": {
    "intercept": -0.10256824500027814,
    "coefficients": {
      "broad_factor": -0.12774337483191434,
      "tech_factor": -0.3718971144806647,
      "semi_factor": -0.45136849131023,
      "wti_z": 0.4144828801262516,
      "gold_z": -0.1993058306391914,
      "us10y_z": 0.48469320841708946
    },
    "means": {
      "sp500": 0.12544001642098032,
      "nasdaq": 0.2156771773184544,
      "dow": 0.06568556479058334,
      "sox": 0.5635396732103706,
      "wti": 0.3429481761099628,
      "gold": 0.08019286702666331,
      "us10y": 0.0030520867281820883
    },
    "stds": {
      "sp500": 0.8719297160252204,
      "nasdaq": 1.1928069557144343,
      "dow": 0.8517132273393602,
      "sox": 2.48787069992863,
      "wti": 4.485704593370392,
      "gold": 2.0141819902420974,
      "us10y": 0.039881218534108955
    },
    "broad_pca_components": [
      0.6048523032545942,
      0.5733186917809844,
      0.5526837874428324
    ],
    "sox_ndx_beta": 0.8648467562919299,
    "basis_ewma": -0.05967593537627401,
    "weight": 1.0,
    "sample_size": 180,
    "mae": 1.5455915417444477,
    "core_mae": 1.8752855423885366,
    "full_mae": 1.5455915417444477
  },
  "k200Mapping": {
    "intercept": 0.2308980416361851,
    "beta": 0.37556090460000424,
    "sample_size": 240
  },
  "modelMode": "EWYCoreSyntheticK200+ResidualRidge+KOSPIMapping",
  "generatedAt": "2026-05-13T01:30:19.293070+00:00"
}