{
  "selectedFeatures": [
    "broad_factor",
    "tech_factor",
    "semi_factor",
    "wti_z",
    "gold_z",
    "us10y_z"
  ],
  "rmse": 51.8388,
  "mae": 31.9735,
  "featureImportance": {
    "ewy_core": 0.353197,
    "krw_core": 0.2,
    "broad_factor": 0.144022,
    "tech_factor": 0.590079,
    "semi_factor": 0.516394,
    "wti_z": 0.444229,
    "gold_z": 0.190049,
    "us10y_z": 0.478452,
    "basis_ewma": 0.0,
    "k200_to_kospi_beta": 0.324513
  },
  "ewyFxCorrection": {
    "intercept": 0.24218899007124592,
    "ewy_coef": 0.353196809038202,
    "krw_coef": 0.2,
    "sample_size": 180,
    "r2": 0.26642047953902037,
    "mae": 1.0885767728675675
  },
  "residualModel": {
    "intercept": -0.1645593009945009,
    "coefficients": {
      "broad_factor": -0.14402185011932836,
      "tech_factor": -0.5900791181427154,
      "semi_factor": -0.5163940262579778,
      "wti_z": 0.44422912892999583,
      "gold_z": -0.19004892733490283,
      "us10y_z": 0.4784524603518591
    },
    "means": {
      "sp500": 0.1424339533275894,
      "nasdaq": 0.23589752042075499,
      "dow": 0.07410634448185172,
      "sox": 0.6242762308455154,
      "wti": 0.3715348061307441,
      "gold": 0.06287202059654605,
      "us10y": 0.0035979228640255568
    },
    "stds": {
      "sp500": 0.8564917377674063,
      "nasdaq": 1.1702727678859313,
      "dow": 0.8364912020145104,
      "sox": 2.4560851275065905,
      "wti": 4.407304934184927,
      "gold": 1.9738603612590038,
      "us10y": 0.03949180056245812
    },
    "broad_pca_components": [
      0.6045521557594273,
      0.5727555968378168,
      0.5535952648438976
    ],
    "sox_ndx_beta": 0.8616672313460103,
    "basis_ewma": 0.0,
    "weight": 0.0,
    "sample_size": 180,
    "mae": 1.6544404042964793,
    "core_mae": 1.8914987589384489,
    "full_mae": 1.6544404042964793
  },
  "k200Mapping": {
    "intercept": 0.23577171430420354,
    "beta": 0.32451264689629455,
    "sample_size": 240
  },
  "modelMode": "EWYCoreSyntheticK200+ResidualRidge+KOSPIMapping",
  "generatedAt": "2026-05-15T05:32:59.675675+00:00"
}