{
  "selectedFeatures": [
    "broad_factor",
    "tech_factor",
    "semi_factor",
    "wti_z",
    "gold_z",
    "us10y_z"
  ],
  "rmse": 40.2707,
  "mae": 21.3816,
  "featureImportance": {
    "ewy_core": 0.364187,
    "krw_core": 0.2,
    "broad_factor": 0.005578,
    "tech_factor": 0.145581,
    "semi_factor": 0.26141,
    "wti_z": 0.489571,
    "gold_z": 0.222679,
    "us10y_z": 0.417881,
    "basis_ewma": 0.0,
    "k200_to_kospi_beta": 0.346533
  },
  "ewyFxCorrection": {
    "intercept": 0.18671455331973155,
    "ewy_coef": 0.3641872853061167,
    "krw_coef": 0.2,
    "sample_size": 180,
    "r2": 0.24032476936066083,
    "mae": 1.0153381395899275
  },
  "residualModel": {
    "intercept": -0.10206889958117069,
    "coefficients": {
      "broad_factor": -0.005578206643893023,
      "tech_factor": -0.14558143883006472,
      "semi_factor": -0.261410258700331,
      "wti_z": 0.48957121482735144,
      "gold_z": -0.22267879193603646,
      "us10y_z": 0.41788106276631454
    },
    "means": {
      "sp500": 0.04988680131786738,
      "nasdaq": 0.05113888193490989,
      "dow": 0.04959786435121675,
      "sox": 0.30608344155551725,
      "wti": 0.4725797822026674,
      "gold": 0.12173830265592608,
      "us10y": 0.0018524785913982989
    },
    "stds": {
      "sp500": 0.9242616032822368,
      "nasdaq": 1.1900329602696256,
      "dow": 0.9134384825968883,
      "sox": 2.391749362297441,
      "wti": 4.31195936266113,
      "gold": 2.2162153818680492,
      "us10y": 0.0415336522108868
    },
    "broad_pca_components": [
      0.5957129534449137,
      0.5857680504896959,
      0.549546966258062
    ],
    "sox_ndx_beta": 0.8782263971508693,
    "basis_ewma": 0.0,
    "weight": 0.0,
    "sample_size": 180,
    "mae": 1.494506833640081,
    "core_mae": 1.727929279562644,
    "full_mae": 1.494506833640081
  },
  "k200Mapping": {
    "intercept": 0.17085329322111392,
    "beta": 0.34653306970004316,
    "sample_size": 240
  },
  "modelMode": "EWYCoreSyntheticK200+ResidualRidge+KOSPIMapping",
  "generatedAt": "2026-04-14T01:10:36.334927+00:00"
}