{
  "selectedFeatures": [
    "broad_factor",
    "tech_factor",
    "semi_factor",
    "wti_z",
    "gold_z",
    "us10y_z"
  ],
  "rmse": 51.2247,
  "mae": 31.7621,
  "featureImportance": {
    "ewy_core": 0.354259,
    "krw_core": 0.2,
    "broad_factor": 0.139256,
    "tech_factor": 0.627006,
    "semi_factor": 0.537931,
    "wti_z": 0.453505,
    "gold_z": 0.199378,
    "us10y_z": 0.473245,
    "basis_ewma": 0.0,
    "k200_to_kospi_beta": 0.324561
  },
  "ewyFxCorrection": {
    "intercept": 0.26082205301135397,
    "ewy_coef": 0.3542587188425242,
    "krw_coef": 0.2,
    "sample_size": 180,
    "r2": 0.26703920677115967,
    "mae": 1.085934194941115
  },
  "residualModel": {
    "intercept": -0.1523072620274769,
    "coefficients": {
      "broad_factor": -0.13925576244827795,
      "tech_factor": -0.627006307545449,
      "semi_factor": -0.5379305769823877,
      "wti_z": 0.45350493526251573,
      "gold_z": -0.19937781701254126,
      "us10y_z": 0.47324492072534474
    },
    "means": {
      "sp500": 0.13294930143794437,
      "nasdaq": 0.22906274246884006,
      "dow": 0.06333133741308193,
      "sox": 0.626011725137707,
      "wti": 0.3753375196188211,
      "gold": 0.07102916593248991,
      "us10y": 0.004004510606113433
    },
    "stds": {
      "sp500": 0.8595078105669524,
      "nasdaq": 1.1779792757487801,
      "dow": 0.8384455035315442,
      "sox": 2.4747789331715344,
      "wti": 4.4403372306363975,
      "gold": 1.9879566070700672,
      "us10y": 0.039680678165991794
    },
    "broad_pca_components": [
      0.6049900704759962,
      0.572734354858984,
      0.5531386565678752
    ],
    "sox_ndx_beta": 0.8626264149812656,
    "basis_ewma": 0.0,
    "weight": 0.0,
    "sample_size": 180,
    "mae": 1.6481983859159552,
    "core_mae": 1.8853949298372974,
    "full_mae": 1.6481983859159552
  },
  "k200Mapping": {
    "intercept": 0.24721414744092793,
    "beta": 0.32456051599765023,
    "sample_size": 240
  },
  "modelMode": "EWYCoreSyntheticK200+ResidualRidge+KOSPIMapping",
  "generatedAt": "2026-05-14T01:34:19.315365+00:00"
}