{
  "selectedFeatures": [
    "broad_factor",
    "tech_factor",
    "semi_factor",
    "wti_z",
    "gold_z",
    "us10y_z"
  ],
  "rmse": 50.2098,
  "mae": 31.0047,
  "featureImportance": {
    "ewy_core": 0.350714,
    "krw_core": 0.2,
    "broad_factor": 0.052524,
    "tech_factor": 0.159453,
    "semi_factor": 0.155808,
    "wti_z": 0.514292,
    "gold_z": 0.254824,
    "us10y_z": 0.345976,
    "basis_ewma": 0.0,
    "k200_to_kospi_beta": 0.320333
  },
  "ewyFxCorrection": {
    "intercept": 0.26683332020147266,
    "ewy_coef": 0.35071392797962603,
    "krw_coef": 0.2,
    "sample_size": 180,
    "r2": 0.23651217736858632,
    "mae": 1.0797873199583568
  },
  "residualModel": {
    "intercept": -0.05679707415963594,
    "coefficients": {
      "broad_factor": -0.05252448032771756,
      "tech_factor": -0.15945344306963433,
      "semi_factor": -0.15580792747226324,
      "wti_z": 0.514292067341916,
      "gold_z": -0.2548240707465445,
      "us10y_z": 0.3459755556800596
    },
    "means": {
      "sp500": 0.0903046984169441,
      "nasdaq": 0.15228795076791823,
      "dow": 0.043477056481953276,
      "sox": 0.4729422910520088,
      "wti": 0.5445629211077655,
      "gold": 0.0020614760844467903,
      "us10y": 0.003540327722882094
    },
    "stds": {
      "sp500": 0.8784734277577892,
      "nasdaq": 1.1673411662125865,
      "dow": 0.8644055011484965,
      "sox": 2.330972852135747,
      "wti": 4.480866042151729,
      "gold": 2.061727720853527,
      "us10y": 0.039873200466413156
    },
    "broad_pca_components": [
      0.6018484707299024,
      0.5815439295076633,
      0.5473436546931585
    ],
    "sox_ndx_beta": 0.8565056495931012,
    "basis_ewma": 0.0,
    "weight": 0.0,
    "sample_size": 180,
    "mae": 1.5748930657887206,
    "core_mae": 1.8310729117486084,
    "full_mae": 1.5748930657887206
  },
  "k200Mapping": {
    "intercept": 0.2517160282326009,
    "beta": 0.3203331225234559,
    "sample_size": 240
  },
  "modelMode": "EWYCoreSyntheticK200+ResidualRidge+KOSPIMapping",
  "generatedAt": "2026-05-04T02:40:15.688922+00:00"
}