{
  "selectedFeatures": [
    "broad_factor",
    "tech_factor",
    "semi_factor",
    "wti_z",
    "gold_z",
    "us10y_z"
  ],
  "rmse": 40.2137,
  "mae": 21.3267,
  "featureImportance": {
    "ewy_core": 0.361836,
    "krw_core": 0.2,
    "broad_factor": 0.009475,
    "tech_factor": 0.135496,
    "semi_factor": 0.265827,
    "wti_z": 0.489945,
    "gold_z": 0.223148,
    "us10y_z": 0.424401,
    "basis_ewma": 0.0,
    "k200_to_kospi_beta": 0.344188
  },
  "ewyFxCorrection": {
    "intercept": 0.17061833061830659,
    "ewy_coef": 0.36183567251323795,
    "krw_coef": 0.2,
    "sample_size": 180,
    "r2": 0.2340972636653137,
    "mae": 1.0175328992476296
  },
  "residualModel": {
    "intercept": -0.09308107883086875,
    "coefficients": {
      "broad_factor": -0.009474594945687838,
      "tech_factor": -0.13549598961916023,
      "semi_factor": -0.2658265674634349,
      "wti_z": 0.48994497875666676,
      "gold_z": -0.2231477892423782,
      "us10y_z": 0.4244014774452348
    },
    "means": {
      "sp500": 0.03329873724890745,
      "nasdaq": 0.033800307697145204,
      "dow": 0.03910616301236232,
      "sox": 0.2814903946424632,
      "wti": 0.48831810271098536,
      "gold": 0.11521673009994872,
      "us10y": 0.0022571741882902526
    },
    "stds": {
      "sp500": 0.9233923909220706,
      "nasdaq": 1.1923331670799842,
      "dow": 0.9179236042241412,
      "sox": 2.4045472053068555,
      "wti": 4.343601058696522,
      "gold": 2.232461566480997,
      "us10y": 0.041779821366867885
    },
    "broad_pca_components": [
      0.5966410648462152,
      0.5849833106034654,
      0.5493759787746313
    ],
    "sox_ndx_beta": 0.8778785436464236,
    "basis_ewma": 0.0,
    "weight": 0.0,
    "sample_size": 180,
    "mae": 1.5111830297512685,
    "core_mae": 1.7363298333329362,
    "full_mae": 1.5111830297512685
  },
  "k200Mapping": {
    "intercept": 0.1611474778083627,
    "beta": 0.34418838821533804,
    "sample_size": 240
  },
  "modelMode": "EWYCoreSyntheticK200+ResidualRidge+KOSPIMapping",
  "generatedAt": "2026-04-13T18:54:20.235859+00:00"
}