{
  "selectedFeatures": [
    "broad_factor",
    "tech_factor",
    "semi_factor",
    "wti_z",
    "gold_z",
    "us10y_z"
  ],
  "rmse": 49.8765,
  "mae": 30.7818,
  "featureImportance": {
    "ewy_core": 0.348479,
    "krw_core": 0.2,
    "broad_factor": 0.059256,
    "tech_factor": 0.382759,
    "semi_factor": 0.089376,
    "wti_z": 0.518786,
    "gold_z": 0.239798,
    "us10y_z": 0.37395,
    "basis_ewma": 0.0,
    "k200_to_kospi_beta": 0.320175
  },
  "ewyFxCorrection": {
    "intercept": 0.22889521966456863,
    "ewy_coef": 0.3484794205940762,
    "krw_coef": 0.2,
    "sample_size": 180,
    "r2": 0.23818499861461206,
    "mae": 1.0653380956828427
  },
  "residualModel": {
    "intercept": -0.08549607976523096,
    "coefficients": {
      "broad_factor": -0.059256164641348454,
      "tech_factor": -0.38275939910595036,
      "semi_factor": -0.08937588372347152,
      "wti_z": 0.5187855766258369,
      "gold_z": -0.23979768295107962,
      "us10y_z": 0.3739503695044628
    },
    "means": {
      "sp500": 0.08733891962585796,
      "nasdaq": 0.13958559589553743,
      "dow": 0.04966436930632372,
      "sox": 0.46601193091530213,
      "wti": 0.5501533535908775,
      "gold": 0.010124016512155401,
      "us10y": 0.0037662501054846944
    },
    "stds": {
      "sp500": 0.8848127897530563,
      "nasdaq": 1.1718622391009705,
      "dow": 0.8698904293608205,
      "sox": 2.348146135093568,
      "wti": 4.514875775475886,
      "gold": 2.076403708247709,
      "us10y": 0.040134717351704784
    },
    "broad_pca_components": [
      0.6010319872507502,
      0.5820020576090851,
      0.5477537359436319
    ],
    "sox_ndx_beta": 0.8579764605815886,
    "basis_ewma": 0.0,
    "weight": 0.0,
    "sample_size": 180,
    "mae": 1.5668770394725724,
    "core_mae": 1.8217379549940487,
    "full_mae": 1.5668770394725724
  },
  "k200Mapping": {
    "intercept": 0.21930978985972469,
    "beta": 0.32017455051732524,
    "sample_size": 240
  },
  "modelMode": "EWYCoreSyntheticK200+ResidualRidge+KOSPIMapping",
  "generatedAt": "2026-05-01T01:24:48.276130+00:00"
}