{
  "selectedFeatures": [
    "broad_factor",
    "tech_factor",
    "semi_factor",
    "wti_z",
    "gold_z",
    "us10y_z"
  ],
  "rmse": 48.5499,
  "mae": 29.9499,
  "featureImportance": {
    "ewy_core": 0.369426,
    "krw_core": 0.2,
    "broad_factor": 0.00446,
    "tech_factor": 0.041495,
    "semi_factor": 0.491384,
    "wti_z": 0.466484,
    "gold_z": 0.19151,
    "us10y_z": 0.420088,
    "basis_ewma": 0.0,
    "k200_to_kospi_beta": 0.348798
  },
  "ewyFxCorrection": {
    "intercept": 0.1778261466508978,
    "ewy_coef": 0.36942632467122277,
    "krw_coef": 0.2,
    "sample_size": 180,
    "r2": 0.24500435996473657,
    "mae": 1.0431110886125736
  },
  "residualModel": {
    "intercept": -0.13768420468662979,
    "coefficients": {
      "broad_factor": 0.004459673277579632,
      "tech_factor": -0.04149524003359212,
      "semi_factor": -0.4913843490273614,
      "wti_z": 0.46648442238796733,
      "gold_z": -0.19151035544477235,
      "us10y_z": 0.42008752839207886
    },
    "means": {
      "sp500": 0.09785677136168901,
      "nasdaq": 0.1263909129051158,
      "dow": 0.07763169349826933,
      "sox": 0.403718309718048,
      "wti": 0.20122121926730835,
      "gold": 0.1265958277251526,
      "us10y": 0.0012270943015799591
    },
    "stds": {
      "sp500": 0.9163075159949516,
      "nasdaq": 1.1869594404929102,
      "dow": 0.912104324268251,
      "sox": 2.339141174595229,
      "wti": 4.596324083672718,
      "gold": 2.154496051095908,
      "us10y": 0.04134525987320617
    },
    "broad_pca_components": [
      0.5979386192971488,
      0.5862370419308037,
      0.5466219335347241
    ],
    "sox_ndx_beta": 0.8651605062720985,
    "basis_ewma": 0.0,
    "weight": 0.0,
    "sample_size": 180,
    "mae": 1.5105774110149652,
    "core_mae": 1.7665681937212565,
    "full_mae": 1.5105774110149652
  },
  "k200Mapping": {
    "intercept": 0.1722269703629769,
    "beta": 0.34879819722796773,
    "sample_size": 240
  },
  "modelMode": "EWYCoreSyntheticK200+ResidualRidge+KOSPIMapping",
  "generatedAt": "2026-04-20T05:27:44.796792+00:00"
}