{
  "selectedFeatures": [
    "broad_factor",
    "tech_factor",
    "semi_factor",
    "wti_z",
    "gold_z",
    "us10y_z"
  ],
  "rmse": 50.4817,
  "mae": 31.2263,
  "featureImportance": {
    "ewy_core": 0.355875,
    "krw_core": 0.2,
    "broad_factor": 0.071376,
    "tech_factor": 0.120372,
    "semi_factor": 0.241002,
    "wti_z": 0.47968,
    "gold_z": 0.249669,
    "us10y_z": 0.370725,
    "basis_ewma": 0.0,
    "k200_to_kospi_beta": 0.320028
  },
  "ewyFxCorrection": {
    "intercept": 0.2666213554884705,
    "ewy_coef": 0.3558746026259683,
    "krw_coef": 0.2,
    "sample_size": 180,
    "r2": 0.24091725057062796,
    "mae": 1.0773865146046924
  },
  "residualModel": {
    "intercept": -0.0923081267174129,
    "coefficients": {
      "broad_factor": -0.07137596649917279,
      "tech_factor": -0.12037218112645917,
      "semi_factor": -0.24100227573905295,
      "wti_z": 0.47968031596318816,
      "gold_z": -0.24966875235409947,
      "us10y_z": 0.3707249792616703
    },
    "means": {
      "sp500": 0.1019173253058155,
      "nasdaq": 0.170578464914496,
      "dow": 0.05462570097870376,
      "sox": 0.5307223613847994,
      "wti": 0.3942081765739773,
      "gold": 0.059839814842656366,
      "us10y": 0.0029695530268462494
    },
    "stds": {
      "sp500": 0.8765198005733603,
      "nasdaq": 1.167563001143411,
      "dow": 0.8621462964126332,
      "sox": 2.3587807363673265,
      "wti": 4.534744408676726,
      "gold": 2.0721782805619413,
      "us10y": 0.039784183314694736
    },
    "broad_pca_components": [
      0.6019486980077419,
      0.5809760795984155,
      0.5478362528176101
    ],
    "sox_ndx_beta": 0.8577654408762614,
    "basis_ewma": 0.0,
    "weight": 0.0,
    "sample_size": 180,
    "mae": 1.5907832470517447,
    "core_mae": 1.8552095214547346,
    "full_mae": 1.5907832470517447
  },
  "k200Mapping": {
    "intercept": 0.25860343475173947,
    "beta": 0.32002767469872917,
    "sample_size": 240
  },
  "modelMode": "EWYCoreSyntheticK200+ResidualRidge+KOSPIMapping",
  "generatedAt": "2026-05-06T02:43:12.343076+00:00"
}