{
  "selectedFeatures": [
    "broad_factor",
    "tech_factor",
    "semi_factor",
    "wti_z",
    "gold_z",
    "us10y_z"
  ],
  "rmse": 49.881,
  "mae": 30.7681,
  "featureImportance": {
    "ewy_core": 0.348742,
    "krw_core": 0.2,
    "broad_factor": 0.058105,
    "tech_factor": 0.386774,
    "semi_factor": 0.095356,
    "wti_z": 0.519631,
    "gold_z": 0.243001,
    "us10y_z": 0.373728,
    "basis_ewma": 0.0,
    "k200_to_kospi_beta": 0.320331
  },
  "ewyFxCorrection": {
    "intercept": 0.22021739184541114,
    "ewy_coef": 0.3487416423509398,
    "krw_coef": 0.2,
    "sample_size": 180,
    "r2": 0.23863830706508526,
    "mae": 1.0606066142497008
  },
  "residualModel": {
    "intercept": -0.11361728954341593,
    "coefficients": {
      "broad_factor": -0.05810478420291828,
      "tech_factor": -0.3867743928607198,
      "semi_factor": -0.09535618197390794,
      "wti_z": 0.519630942303561,
      "gold_z": -0.2430013050092262,
      "us10y_z": 0.3737279498465295
    },
    "means": {
      "sp500": 0.09958930734760954,
      "nasdaq": 0.15155554221874346,
      "dow": 0.0619563466516905,
      "sox": 0.5014056654261017,
      "wti": 0.3963520492817011,
      "gold": 0.0545663083040249,
      "us10y": 0.0026068014655719948
    },
    "stds": {
      "sp500": 0.8953037428417956,
      "nasdaq": 1.1790900611151003,
      "dow": 0.8804011825731124,
      "sox": 2.312951321253946,
      "wti": 4.4950699318339895,
      "gold": 2.091128664746793,
      "us10y": 0.03997900096437249
    },
    "broad_pca_components": [
      0.5996244924410153,
      0.581738995123153,
      0.549572751888191
    ],
    "sox_ndx_beta": 0.8585933310229937,
    "basis_ewma": 0.0,
    "weight": 0.0,
    "sample_size": 180,
    "mae": 1.5619932468670972,
    "core_mae": 1.8289437920448168,
    "full_mae": 1.5619932468670972
  },
  "k200Mapping": {
    "intercept": 0.21384793290188914,
    "beta": 0.3203312069904228,
    "sample_size": 240
  },
  "modelMode": "EWYCoreSyntheticK200+ResidualRidge+KOSPIMapping",
  "generatedAt": "2026-04-28T04:02:33.811867+00:00"
}