{
  "selectedFeatures": [
    "broad_factor",
    "tech_factor",
    "semi_factor",
    "wti_z",
    "gold_z",
    "us10y_z"
  ],
  "rmse": 46.5005,
  "mae": 26.2958,
  "featureImportance": {
    "ewy_core": 0.376891,
    "krw_core": 0.2,
    "broad_factor": 0.00524,
    "tech_factor": 0.107848,
    "semi_factor": 0.40137,
    "wti_z": 0.471414,
    "gold_z": 0.19324,
    "us10y_z": 0.404636,
    "basis_ewma": 0.0,
    "k200_to_kospi_beta": 0.358987
  },
  "ewyFxCorrection": {
    "intercept": 0.18295480373814757,
    "ewy_coef": 0.3768911590782748,
    "krw_coef": 0.2,
    "sample_size": 180,
    "r2": 0.24828251674345636,
    "mae": 1.0358722874729784
  },
  "residualModel": {
    "intercept": -0.10946988864100883,
    "coefficients": {
      "broad_factor": 0.00523951045633581,
      "tech_factor": -0.10784799343524382,
      "semi_factor": -0.40137026299012113,
      "wti_z": 0.47141435359443007,
      "gold_z": -0.19323964809649521,
      "us10y_z": 0.40463577679133206
    },
    "means": {
      "sp500": 0.06511189355974302,
      "nasdaq": 0.07989332304988428,
      "dow": 0.04995781529581747,
      "sox": 0.3630035663034047,
      "wti": 0.3508332037155562,
      "gold": 0.12945511210926658,
      "us10y": 0.001564478102913819
    },
    "stds": {
      "sp500": 0.9214586686915769,
      "nasdaq": 1.192302987914876,
      "dow": 0.9060512282071662,
      "sox": 2.3775868736866927,
      "wti": 4.399918970054108,
      "gold": 2.2008560411843057,
      "us10y": 0.04128646941683105
    },
    "broad_pca_components": [
      0.5958821367214026,
      0.584028346943371,
      0.5512126351082033
    ],
    "sox_ndx_beta": 0.8728284393516414,
    "basis_ewma": 0.0,
    "weight": 0.0,
    "sample_size": 180,
    "mae": 1.4937068075917166,
    "core_mae": 1.7483455682341766,
    "full_mae": 1.4937068075917166
  },
  "k200Mapping": {
    "intercept": 0.17364912436731497,
    "beta": 0.35898735345768207,
    "sample_size": 240
  },
  "modelMode": "EWYCoreSyntheticK200+ResidualRidge+KOSPIMapping",
  "generatedAt": "2026-04-15T03:33:58.894127+00:00"
}