{
  "selectedFeatures": [
    "broad_factor",
    "tech_factor",
    "semi_factor",
    "wti_z",
    "gold_z",
    "us10y_z"
  ],
  "rmse": 49.9223,
  "mae": 30.8115,
  "featureImportance": {
    "ewy_core": 0.347079,
    "krw_core": 0.2,
    "broad_factor": 0.051015,
    "tech_factor": 0.342161,
    "semi_factor": 0.080984,
    "wti_z": 0.538745,
    "gold_z": 0.24361,
    "us10y_z": 0.38735,
    "basis_ewma": 0.0,
    "k200_to_kospi_beta": 0.318815
  },
  "ewyFxCorrection": {
    "intercept": 0.24440738897202965,
    "ewy_coef": 0.3470791135451403,
    "krw_coef": 0.2,
    "sample_size": 180,
    "r2": 0.23647184853421732,
    "mae": 1.0704327245550038
  },
  "residualModel": {
    "intercept": -0.08978765837739913,
    "coefficients": {
      "broad_factor": -0.05101508284848738,
      "tech_factor": -0.3421611023442098,
      "semi_factor": -0.08098414550321764,
      "wti_z": 0.5387450051766624,
      "gold_z": -0.24361035109369297,
      "us10y_z": 0.3873498399962676
    },
    "means": {
      "sp500": 0.09663164484118375,
      "nasdaq": 0.15818769152593257,
      "dow": 0.05064805261154733,
      "sox": 0.531181401234408,
      "wti": 0.5050149602191525,
      "gold": 0.050485530979535814,
      "us10y": 0.0035403889458034874
    },
    "stds": {
      "sp500": 0.8884605947379332,
      "nasdaq": 1.1714353146842962,
      "dow": 0.8766877858932187,
      "sox": 2.306844320679775,
      "wti": 4.538295686763293,
      "gold": 2.0753601462958975,
      "us10y": 0.04039080151411079
    },
    "broad_pca_components": [
      0.6005364090538313,
      0.5834237448374194,
      0.5467840116175777
    ],
    "sox_ndx_beta": 0.8581410537263633,
    "basis_ewma": 0.0,
    "weight": 0.0,
    "sample_size": 180,
    "mae": 1.570356808478127,
    "core_mae": 1.8299906606109664,
    "full_mae": 1.570356808478127
  },
  "k200Mapping": {
    "intercept": 0.23272001322458558,
    "beta": 0.3188150053677751,
    "sample_size": 240
  },
  "modelMode": "EWYCoreSyntheticK200+ResidualRidge+KOSPIMapping",
  "generatedAt": "2026-04-30T01:21:18.039487+00:00"
}