{
  "selectedFeatures": [
    "broad_factor",
    "tech_factor",
    "semi_factor",
    "wti_z",
    "gold_z",
    "us10y_z"
  ],
  "rmse": 48.306,
  "mae": 29.8495,
  "featureImportance": {
    "ewy_core": 0.37345,
    "krw_core": 0.2,
    "broad_factor": 0.004102,
    "tech_factor": 0.058112,
    "semi_factor": 0.491747,
    "wti_z": 0.424199,
    "gold_z": 0.189708,
    "us10y_z": 0.411347,
    "basis_ewma": 0.0,
    "k200_to_kospi_beta": 0.352703
  },
  "ewyFxCorrection": {
    "intercept": 0.19058763419539868,
    "ewy_coef": 0.3734499082096727,
    "krw_coef": 0.2,
    "sample_size": 180,
    "r2": 0.24543424604496855,
    "mae": 1.0436268621835583
  },
  "residualModel": {
    "intercept": -0.10197949125762874,
    "coefficients": {
      "broad_factor": 0.004102168416676597,
      "tech_factor": -0.05811247595487473,
      "semi_factor": -0.4917474454977821,
      "wti_z": 0.42419903456965335,
      "gold_z": -0.1897075993613404,
      "us10y_z": 0.4113465691166733
    },
    "means": {
      "sp500": 0.07998702347775047,
      "nasdaq": 0.1077900026033274,
      "dow": 0.05013269951469235,
      "sox": 0.369817870226633,
      "wti": 0.4001510141803372,
      "gold": 0.10396782896761377,
      "us10y": 0.0022770924960293
    },
    "stds": {
      "sp500": 0.9123589664053192,
      "nasdaq": 1.1867192606454902,
      "dow": 0.8927693826107076,
      "sox": 2.3432028121485278,
      "wti": 4.350208602221092,
      "gold": 2.1636694365318165,
      "us10y": 0.04083039117114741
    },
    "broad_pca_components": [
      0.5965465802443078,
      0.5830842730209908,
      0.5514933437081576
    ],
    "sox_ndx_beta": 0.863160168791644,
    "basis_ewma": 0.0,
    "weight": 0.0,
    "sample_size": 180,
    "mae": 1.5045167256629037,
    "core_mae": 1.7611823259736932,
    "full_mae": 1.5045167256629037
  },
  "k200Mapping": {
    "intercept": 0.18367608177690198,
    "beta": 0.3527026327610006,
    "sample_size": 240
  },
  "modelMode": "EWYCoreSyntheticK200+ResidualRidge+KOSPIMapping",
  "generatedAt": "2026-04-17T10:50:57.033172+00:00"
}