{
  "selectedFeatures": [
    "broad_factor",
    "tech_factor",
    "semi_factor",
    "wti_z",
    "gold_z",
    "us10y_z"
  ],
  "rmse": 40.4598,
  "mae": 21.4628,
  "featureImportance": {
    "ewy_core": 0.36457,
    "krw_core": 0.2,
    "broad_factor": 0.030319,
    "tech_factor": 0.208841,
    "semi_factor": 0.403676,
    "wti_z": 0.402485,
    "gold_z": 0.198054,
    "us10y_z": 0.443534,
    "basis_ewma": 0.0,
    "k200_to_kospi_beta": 0.347214
  },
  "ewyFxCorrection": {
    "intercept": 0.12780292900571896,
    "ewy_coef": 0.36457046142629673,
    "krw_coef": 0.2,
    "sample_size": 180,
    "r2": 0.23842258858728915,
    "mae": 1.0216281013142214
  },
  "residualModel": {
    "intercept": -0.11417540949273636,
    "coefficients": {
      "broad_factor": -0.03031874908480158,
      "tech_factor": -0.20884100751059748,
      "semi_factor": -0.40367562673340895,
      "wti_z": 0.4024845324910976,
      "gold_z": -0.19805357005097668,
      "us10y_z": 0.44353431524288306
    },
    "means": {
      "sp500": 0.03180461560855649,
      "nasdaq": 0.03632653284981973,
      "dow": 0.03052307695068151,
      "sox": 0.3158630097147034,
      "wti": 0.6117540042104381,
      "gold": 0.10677362378174965,
      "us10y": 0.002558994039537296
    },
    "stds": {
      "sp500": 0.9162390382637939,
      "nasdaq": 1.1831177215000872,
      "dow": 0.9135721383117731,
      "sox": 2.398541200390929,
      "wti": 4.420577119426648,
      "gold": 2.2166680962140246,
      "us10y": 0.041530149883835306
    },
    "broad_pca_components": [
      0.5972259444108409,
      0.5861828773073304,
      0.5474584967595978
    ],
    "sox_ndx_beta": 0.8740847047037492,
    "basis_ewma": 0.0,
    "weight": 0.0,
    "sample_size": 180,
    "mae": 1.5049873608777795,
    "core_mae": 1.741838365420474,
    "full_mae": 1.5049873608777795
  },
  "k200Mapping": {
    "intercept": 0.13129974694904326,
    "beta": 0.3472143526625805,
    "sample_size": 240
  },
  "modelMode": "EWYCoreSyntheticK200+ResidualRidge+KOSPIMapping",
  "generatedAt": "2026-04-13T02:31:32.441013+00:00"
}