{
  "selectedFeatures": [
    "broad_factor",
    "tech_factor",
    "semi_factor",
    "wti_z",
    "gold_z",
    "us10y_z"
  ],
  "rmse": 40.4343,
  "mae": 21.453,
  "featureImportance": {
    "ewy_core": 0.36457,
    "krw_core": 0.2,
    "broad_factor": 0.00631,
    "tech_factor": 0.194305,
    "semi_factor": 0.330148,
    "wti_z": 0.503431,
    "gold_z": 0.209051,
    "us10y_z": 0.411767,
    "basis_ewma": 0.0,
    "k200_to_kospi_beta": 0.347214
  },
  "ewyFxCorrection": {
    "intercept": 0.12780292900571896,
    "ewy_coef": 0.36457046142629673,
    "krw_coef": 0.2,
    "sample_size": 180,
    "r2": 0.23842258858728915,
    "mae": 1.0216281013142214
  },
  "residualModel": {
    "intercept": -0.11417540949273637,
    "coefficients": {
      "broad_factor": -0.006309832401621985,
      "tech_factor": -0.19430542722322167,
      "semi_factor": -0.3301477688168453,
      "wti_z": 0.5034307530071402,
      "gold_z": -0.2090508676260206,
      "us10y_z": 0.41176743439578994
    },
    "means": {
      "sp500": 0.03180461560855649,
      "nasdaq": 0.03632653284981973,
      "dow": 0.03052307695068151,
      "sox": 0.3158630097147034,
      "wti": 0.45727211198425943,
      "gold": 0.10331300654413583,
      "us10y": 0.002558994039537296
    },
    "stds": {
      "sp500": 0.9162390382637939,
      "nasdaq": 1.1831177215000872,
      "dow": 0.9135721383117731,
      "sox": 2.398541200390929,
      "wti": 4.31666226265629,
      "gold": 2.217653880304677,
      "us10y": 0.041530149883835306
    },
    "broad_pca_components": [
      0.5972259444108409,
      0.5861828773073304,
      0.5474584967595978
    ],
    "sox_ndx_beta": 0.8740847047037492,
    "basis_ewma": 0.0,
    "weight": 0.0,
    "sample_size": 180,
    "mae": 1.5049873608777795,
    "core_mae": 1.741838365420474,
    "full_mae": 1.5049873608777795
  },
  "k200Mapping": {
    "intercept": 0.13129974694904326,
    "beta": 0.3472143526625805,
    "sample_size": 240
  },
  "modelMode": "EWYCoreSyntheticK200+ResidualRidge+KOSPIMapping",
  "generatedAt": "2026-04-13T09:20:18.353407+00:00"
}