{
  "selectedFeatures": [
    "broad_factor",
    "tech_factor",
    "semi_factor",
    "wti_z",
    "gold_z",
    "us10y_z"
  ],
  "rmse": 48.0158,
  "mae": 29.594,
  "featureImportance": {
    "ewy_core": 0.367658,
    "krw_core": 0.2,
    "broad_factor": 0.003313,
    "tech_factor": 0.208244,
    "semi_factor": 0.321,
    "wti_z": 0.515899,
    "gold_z": 0.215297,
    "us10y_z": 0.403164,
    "basis_ewma": 0.0,
    "k200_to_kospi_beta": 0.352174
  },
  "ewyFxCorrection": {
    "intercept": 0.16101522670664142,
    "ewy_coef": 0.3676577671251979,
    "krw_coef": 0.2,
    "sample_size": 180,
    "r2": 0.24301266347473283,
    "mae": 1.0259000246615988
  },
  "residualModel": {
    "intercept": -0.10631331334506001,
    "coefficients": {
      "broad_factor": 0.0033134379515120348,
      "tech_factor": -0.2082442543244382,
      "semi_factor": -0.320999589965875,
      "wti_z": 0.5158985999764454,
      "gold_z": -0.2152969210905828,
      "us10y_z": 0.40316419962815947
    },
    "means": {
      "sp500": 0.047656251413982664,
      "nasdaq": 0.05270767500480191,
      "dow": 0.04053812161703505,
      "sox": 0.33604625430415463,
      "wti": 0.49099446649760997,
      "gold": 0.09597696431253855,
      "us10y": 0.0021783178954180972
    },
    "stds": {
      "sp500": 0.9176450607681763,
      "nasdaq": 1.181225227720366,
      "dow": 0.9096959268399814,
      "sox": 2.3860928368777965,
      "wti": 4.2923552409271215,
      "gold": 2.201730053772129,
      "us10y": 0.04131086046758896
    },
    "broad_pca_components": [
      0.5962186240769133,
      0.5863765691894234,
      0.5483483121242132
    ],
    "sox_ndx_beta": 0.874601916006401,
    "basis_ewma": 0.0,
    "weight": 0.0,
    "sample_size": 180,
    "mae": 1.4928466047459965,
    "core_mae": 1.747508767085591,
    "full_mae": 1.4928466047459965
  },
  "k200Mapping": {
    "intercept": 0.1525998193389033,
    "beta": 0.35217393677072956,
    "sample_size": 240
  },
  "modelMode": "EWYCoreSyntheticK200+ResidualRidge+KOSPIMapping",
  "generatedAt": "2026-04-15T23:10:55.755665+00:00"
}