{
  "selectedFeatures": [
    "broad_factor",
    "tech_factor",
    "semi_factor",
    "wti_z",
    "gold_z",
    "us10y_z"
  ],
  "rmse": 50.5143,
  "mae": 31.3396,
  "featureImportance": {
    "ewy_core": 0.354377,
    "krw_core": 0.2,
    "broad_factor": 0.081863,
    "tech_factor": 0.140795,
    "semi_factor": 0.267202,
    "wti_z": 0.477949,
    "gold_z": 0.230377,
    "us10y_z": 0.38594,
    "basis_ewma": 0.0,
    "k200_to_kospi_beta": 0.320024
  },
  "ewyFxCorrection": {
    "intercept": 0.26462419674408755,
    "ewy_coef": 0.3543767522017591,
    "krw_coef": 0.2,
    "sample_size": 180,
    "r2": 0.24434260233893057,
    "mae": 1.0744611443496632
  },
  "residualModel": {
    "intercept": -0.12512578910016794,
    "coefficients": {
      "broad_factor": -0.08186290173174049,
      "tech_factor": -0.14079495186530996,
      "semi_factor": -0.26720243261214344,
      "wti_z": 0.4779485708610507,
      "gold_z": -0.230377452975695,
      "us10y_z": 0.38594016174623674
    },
    "means": {
      "sp500": 0.12395761019523813,
      "nasdaq": 0.20137209638521444,
      "dow": 0.07411191493088333,
      "sox": 0.5931176667097363,
      "wti": 0.29370607108285685,
      "gold": 0.07274891678101962,
      "us10y": 0.0020567294815491068
    },
    "stds": {
      "sp500": 0.8861245404371961,
      "nasdaq": 1.1828761156940286,
      "dow": 0.8682407308986169,
      "sox": 2.3905530560533417,
      "wti": 4.572489586510803,
      "gold": 2.060245615858722,
      "us10y": 0.040158902113189544
    },
    "broad_pca_components": [
      0.6014323459311807,
      0.5803452020268149,
      0.54907065096595
    ],
    "sox_ndx_beta": 0.8635564266465877,
    "basis_ewma": 0.0,
    "weight": 0.0,
    "sample_size": 180,
    "mae": 1.596829947854838,
    "core_mae": 1.8538435058862637,
    "full_mae": 1.596829947854838
  },
  "k200Mapping": {
    "intercept": 0.25840118860406025,
    "beta": 0.3200243880507793,
    "sample_size": 240
  },
  "modelMode": "EWYCoreSyntheticK200+ResidualRidge+KOSPIMapping",
  "generatedAt": "2026-05-07T09:13:34.962156+00:00"
}