{
  "selectedFeatures": [
    "broad_factor",
    "tech_factor",
    "semi_factor",
    "wti_z",
    "gold_z",
    "us10y_z"
  ],
  "rmse": 50.7432,
  "mae": 31.5001,
  "featureImportance": {
    "ewy_core": 0.372036,
    "krw_core": 0.2,
    "broad_factor": 0.116489,
    "tech_factor": 0.35788,
    "semi_factor": 0.434902,
    "wti_z": 0.413563,
    "gold_z": 0.198917,
    "us10y_z": 0.481005,
    "basis_ewma": 0.130942,
    "k200_to_kospi_beta": 0.351629
  },
  "ewyFxCorrection": {
    "intercept": 0.2674563247143464,
    "ewy_coef": 0.37203636308368526,
    "krw_coef": 0.2,
    "sample_size": 180,
    "r2": 0.26624686284475996,
    "mae": 1.0827583476535394
  },
  "residualModel": {
    "intercept": -0.1320781918630647,
    "coefficients": {
      "broad_factor": -0.1164893976614349,
      "tech_factor": -0.3578800352168186,
      "semi_factor": -0.4349024726815223,
      "wti_z": 0.41356301056354794,
      "gold_z": -0.19891738182647528,
      "us10y_z": 0.4810049657127731
    },
    "means": {
      "sp500": 0.13103130278732913,
      "nasdaq": 0.23444930007861498,
      "dow": 0.06695652445569444,
      "sox": 0.6537666815026845,
      "wti": 0.33331657336540266,
      "gold": 0.0810104078337078,
      "us10y": 0.0029396785385064636
    },
    "stds": {
      "sp500": 0.8711950370549172,
      "nasdaq": 1.1846427669946669,
      "dow": 0.8518416066205463,
      "sox": 2.456609303486898,
      "wti": 4.4799010688920555,
      "gold": 2.0141243231665635,
      "us10y": 0.03974992645837821
    },
    "broad_pca_components": [
      0.6040260385812397,
      0.5753959337815261,
      0.5514272972056606
    ],
    "sox_ndx_beta": 0.8603346012061066,
    "basis_ewma": -0.1309424857643812,
    "weight": 1.0,
    "sample_size": 180,
    "mae": 1.535992123364781,
    "core_mae": 1.8593180218840826,
    "full_mae": 1.535992123364781
  },
  "k200Mapping": {
    "intercept": 0.30190556641307786,
    "beta": 0.35162946443340815,
    "sample_size": 240
  },
  "modelMode": "EWYCoreSyntheticK200+ResidualRidge+KOSPIMapping",
  "generatedAt": "2026-05-12T06:45:53.906932+00:00"
}