{
  "selectedFeatures": [
    "broad_factor",
    "tech_factor",
    "semi_factor",
    "wti_z",
    "gold_z",
    "us10y_z"
  ],
  "rmse": 50.0398,
  "mae": 30.7465,
  "featureImportance": {
    "ewy_core": 0.349825,
    "krw_core": 0.2,
    "broad_factor": 0.049161,
    "tech_factor": 0.340711,
    "semi_factor": 0.117145,
    "wti_z": 0.526383,
    "gold_z": 0.252386,
    "us10y_z": 0.382806,
    "basis_ewma": 0.0,
    "k200_to_kospi_beta": 0.32053
  },
  "ewyFxCorrection": {
    "intercept": 0.22734533221244096,
    "ewy_coef": 0.3498251640891487,
    "krw_coef": 0.2,
    "sample_size": 180,
    "r2": 0.23496215304327017,
    "mae": 1.0700244898049749
  },
  "residualModel": {
    "intercept": -0.08804589271298248,
    "coefficients": {
      "broad_factor": -0.0491614397300588,
      "tech_factor": -0.3407110171294824,
      "semi_factor": -0.11714458318847437,
      "wti_z": 0.5263833993662698,
      "gold_z": -0.25238645708331264,
      "us10y_z": 0.38280609211703526
    },
    "means": {
      "sp500": 0.08787975895154455,
      "nasdaq": 0.12465814144239393,
      "dow": 0.06900213389669764,
      "sox": 0.4628036114695691,
      "wti": 0.3973419849625725,
      "gold": 0.06955399653467122,
      "us10y": 0.0023647885390533172
    },
    "stds": {
      "sp500": 0.9045215592129661,
      "nasdaq": 1.175190844897324,
      "dow": 0.893068780063678,
      "sox": 2.292209616110846,
      "wti": 4.552333868037209,
      "gold": 2.118993655689433,
      "us10y": 0.04049835006215587
    },
    "broad_pca_components": [
      0.5975606104977044,
      0.5859354935751999,
      0.5473581223937377
    ],
    "sox_ndx_beta": 0.854721443635098,
    "basis_ewma": 0.0,
    "weight": 0.0,
    "sample_size": 180,
    "mae": 1.5721386977901293,
    "core_mae": 1.8309972873398892,
    "full_mae": 1.5721386977901293
  },
  "k200Mapping": {
    "intercept": 0.21490437524125436,
    "beta": 0.3205295262579463,
    "sample_size": 240
  },
  "modelMode": "EWYCoreSyntheticK200+ResidualRidge+KOSPIMapping",
  "generatedAt": "2026-04-24T14:02:44.882811+00:00"
}