{
  "selectedFeatures": [
    "broad_factor",
    "tech_factor",
    "semi_factor",
    "wti_z",
    "gold_z",
    "us10y_z"
  ],
  "rmse": 48.7344,
  "mae": 30.0629,
  "featureImportance": {
    "ewy_core": 0.369747,
    "krw_core": 0.2,
    "broad_factor": 0.004432,
    "tech_factor": 0.043159,
    "semi_factor": 0.491762,
    "wti_z": 0.463553,
    "gold_z": 0.191156,
    "us10y_z": 0.419687,
    "basis_ewma": 0.0,
    "k200_to_kospi_beta": 0.349168
  },
  "ewyFxCorrection": {
    "intercept": 0.17891098092644814,
    "ewy_coef": 0.3697466624565266,
    "krw_coef": 0.2,
    "sample_size": 180,
    "r2": 0.24526541026293858,
    "mae": 1.0427808741177422
  },
  "residualModel": {
    "intercept": -0.13677855978952225,
    "coefficients": {
      "broad_factor": 0.004431996740236348,
      "tech_factor": -0.04315917903301781,
      "semi_factor": -0.49176192014788755,
      "wti_z": 0.4635527574021288,
      "gold_z": -0.1911556435355533,
      "us10y_z": 0.41968730357662143
    },
    "means": {
      "sp500": 0.09785677136168902,
      "nasdaq": 0.1263909129051158,
      "dow": 0.07763169349826934,
      "sox": 0.40371830971804806,
      "wti": 0.20122121926730835,
      "gold": 0.1265958277251526,
      "us10y": 0.0012270943015799591
    },
    "stds": {
      "sp500": 0.9163075159949516,
      "nasdaq": 1.1869594404929102,
      "dow": 0.912104324268251,
      "sox": 2.339141174595229,
      "wti": 4.596324083672718,
      "gold": 2.154496051095908,
      "us10y": 0.04134525987320617
    },
    "broad_pca_components": [
      0.597938619297149,
      0.5862370419308035,
      0.5466219335347242
    ],
    "sox_ndx_beta": 0.8651605062720984,
    "basis_ewma": 0.0,
    "weight": 0.0,
    "sample_size": 180,
    "mae": 1.5102307340719285,
    "core_mae": 1.766070450662362,
    "full_mae": 1.5102307340719285
  },
  "k200Mapping": {
    "intercept": 0.1732034316474383,
    "beta": 0.34916794944021323,
    "sample_size": 240
  },
  "modelMode": "EWYCoreSyntheticK200+ResidualRidge+KOSPIMapping",
  "generatedAt": "2026-04-21T18:47:22.904280+00:00"
}