{
  "selectedFeatures": [
    "broad_factor",
    "tech_factor",
    "semi_factor",
    "wti_z",
    "gold_z",
    "us10y_z"
  ],
  "rmse": 49.9474,
  "mae": 30.7999,
  "featureImportance": {
    "ewy_core": 0.349199,
    "krw_core": 0.2,
    "broad_factor": 0.058397,
    "tech_factor": 0.425064,
    "semi_factor": 0.128794,
    "wti_z": 0.523222,
    "gold_z": 0.246378,
    "us10y_z": 0.386285,
    "basis_ewma": 0.0,
    "k200_to_kospi_beta": 0.320329
  },
  "ewyFxCorrection": {
    "intercept": 0.2248222463090156,
    "ewy_coef": 0.34919915373766375,
    "krw_coef": 0.2,
    "sample_size": 180,
    "r2": 0.236623752772815,
    "mae": 1.0660731737247655
  },
  "residualModel": {
    "intercept": -0.10875661403988945,
    "coefficients": {
      "broad_factor": -0.05839669965988612,
      "tech_factor": -0.4250641569942263,
      "semi_factor": -0.12879408099700768,
      "wti_z": 0.5232216666646301,
      "gold_z": -0.24637821151418865,
      "us10y_z": 0.3862845926154268
    },
    "means": {
      "sp500": 0.09916654494549836,
      "nasdaq": 0.153202763583259,
      "dow": 0.06541822917628091,
      "sox": 0.5236006828550966,
      "wti": 0.36712518313421494,
      "gold": 0.07283899211756745,
      "us10y": 0.002184009049661817
    },
    "stds": {
      "sp500": 0.9020906641259524,
      "nasdaq": 1.1880841922183587,
      "dow": 0.8868121767910216,
      "sox": 2.323582468558514,
      "wti": 4.5244761003319764,
      "gold": 2.102894029659825,
      "us10y": 0.040189059603397775
    },
    "broad_pca_components": [
      0.5996101303048189,
      0.5817568785388321,
      0.5495694914281474
    ],
    "sox_ndx_beta": 0.8603905247618658,
    "basis_ewma": 0.0,
    "weight": 0.0,
    "sample_size": 180,
    "mae": 1.571420488726057,
    "core_mae": 1.8378210823251269,
    "full_mae": 1.571420488726057
  },
  "k200Mapping": {
    "intercept": 0.21355164013883424,
    "beta": 0.3203286725108581,
    "sample_size": 240
  },
  "modelMode": "EWYCoreSyntheticK200+ResidualRidge+KOSPIMapping",
  "generatedAt": "2026-04-27T12:01:43.864221+00:00"
}