{
  "selectedFeatures": [
    "broad_factor",
    "tech_factor",
    "semi_factor",
    "wti_z",
    "gold_z",
    "us10y_z"
  ],
  "rmse": 47.9969,
  "mae": 29.5812,
  "featureImportance": {
    "ewy_core": 0.376891,
    "krw_core": 0.2,
    "broad_factor": 0.00611,
    "tech_factor": 0.108628,
    "semi_factor": 0.397539,
    "wti_z": 0.473515,
    "gold_z": 0.198944,
    "us10y_z": 0.403733,
    "basis_ewma": 0.0,
    "k200_to_kospi_beta": 0.358987
  },
  "ewyFxCorrection": {
    "intercept": 0.1829548037381476,
    "ewy_coef": 0.37689115907827475,
    "krw_coef": 0.2,
    "sample_size": 180,
    "r2": 0.24828251674345636,
    "mae": 1.0358722874729787
  },
  "residualModel": {
    "intercept": -0.10946988864100887,
    "coefficients": {
      "broad_factor": 0.006109851650881834,
      "tech_factor": -0.10862829250664857,
      "semi_factor": -0.39753870208792524,
      "wti_z": 0.473515054558164,
      "gold_z": -0.19894437467393777,
      "us10y_z": 0.40373318192518626
    },
    "means": {
      "sp500": 0.06511189355974302,
      "nasdaq": 0.07989356577022269,
      "dow": 0.04995781529581745,
      "sox": 0.36300339630404144,
      "wti": 0.35188898253449646,
      "gold": 0.12211713444215895,
      "us10y": 0.001564478102913819
    },
    "stds": {
      "sp500": 0.9214586686915769,
      "nasdaq": 1.192303335902282,
      "dow": 0.9060512282071662,
      "sox": 2.3775867550968974,
      "wti": 4.3978587621898715,
      "gold": 2.1947479117523123,
      "us10y": 0.04128646941683105
    },
    "broad_pca_components": [
      0.5958821727389105,
      0.5840282725086525,
      0.5512126750379702
    ],
    "sox_ndx_beta": 0.8728282676414667,
    "basis_ewma": 0.0,
    "weight": 0.0,
    "sample_size": 180,
    "mae": 1.4937068075917166,
    "core_mae": 1.7483455682341769,
    "full_mae": 1.4937068075917166
  },
  "k200Mapping": {
    "intercept": 0.17364912436731506,
    "beta": 0.358987353457682,
    "sample_size": 240
  },
  "modelMode": "EWYCoreSyntheticK200+ResidualRidge+KOSPIMapping",
  "generatedAt": "2026-04-16T19:52:53.029016+00:00"
}