{
  "selectedFeatures": [
    "broad_factor",
    "tech_factor",
    "semi_factor",
    "wti_z",
    "gold_z",
    "us10y_z"
  ],
  "rmse": 48.5498,
  "mae": 29.9497,
  "featureImportance": {
    "ewy_core": 0.369426,
    "krw_core": 0.2,
    "broad_factor": 0.003754,
    "tech_factor": 0.04374,
    "semi_factor": 0.49337,
    "wti_z": 0.477851,
    "gold_z": 0.181563,
    "us10y_z": 0.420677,
    "basis_ewma": 0.0,
    "k200_to_kospi_beta": 0.348798
  },
  "ewyFxCorrection": {
    "intercept": 0.17782614665089785,
    "ewy_coef": 0.36942632467122277,
    "krw_coef": 0.2,
    "sample_size": 180,
    "r2": 0.24500435996473657,
    "mae": 1.0431110886125736
  },
  "residualModel": {
    "intercept": -0.13768420468662979,
    "coefficients": {
      "broad_factor": 0.0037542746209879535,
      "tech_factor": -0.04373964390776737,
      "semi_factor": -0.49337006417558377,
      "wti_z": 0.4778506894397753,
      "gold_z": -0.18156281779044228,
      "us10y_z": 0.42067724157865505
    },
    "means": {
      "sp500": 0.09785677136168902,
      "nasdaq": 0.1263909129051158,
      "dow": 0.07763169349826934,
      "sox": 0.40371830971804806,
      "wti": 0.17690902798550226,
      "gold": 0.08973955711454301,
      "us10y": 0.0012270943015799591
    },
    "stds": {
      "sp500": 0.9163075159949516,
      "nasdaq": 1.1869594404929102,
      "dow": 0.912104324268251,
      "sox": 2.339141174595229,
      "wti": 4.665122643022684,
      "gold": 2.1503578304861497,
      "us10y": 0.04134525987320617
    },
    "broad_pca_components": [
      0.597938619297149,
      0.5862370419308035,
      0.5466219335347242
    ],
    "sox_ndx_beta": 0.8651605062720984,
    "basis_ewma": 0.0,
    "weight": 0.0,
    "sample_size": 180,
    "mae": 1.5105774110149652,
    "core_mae": 1.7665681937212563,
    "full_mae": 1.5105774110149652
  },
  "k200Mapping": {
    "intercept": 0.17222697036297685,
    "beta": 0.34879819722796773,
    "sample_size": 240
  },
  "modelMode": "EWYCoreSyntheticK200+ResidualRidge+KOSPIMapping",
  "generatedAt": "2026-04-20T02:31:03.578224+00:00"
}