{
  "selectedFeatures": [
    "broad_factor",
    "tech_factor",
    "semi_factor",
    "wti_z",
    "gold_z",
    "us10y_z"
  ],
  "rmse": 50.3489,
  "mae": 31.1788,
  "featureImportance": {
    "ewy_core": 0.358127,
    "krw_core": 0.2,
    "broad_factor": 0.094706,
    "tech_factor": 0.080188,
    "semi_factor": 0.37395,
    "wti_z": 0.447398,
    "gold_z": 0.213455,
    "us10y_z": 0.415367,
    "basis_ewma": 0.0,
    "k200_to_kospi_beta": 0.326213
  },
  "ewyFxCorrection": {
    "intercept": 0.23380764990011102,
    "ewy_coef": 0.35812675520804926,
    "krw_coef": 0.2,
    "sample_size": 180,
    "r2": 0.250923313150211,
    "mae": 1.0750846262934046
  },
  "residualModel": {
    "intercept": -0.0845599021928889,
    "coefficients": {
      "broad_factor": -0.09470620023361473,
      "tech_factor": -0.08018818617012695,
      "semi_factor": -0.37394997170645583,
      "wti_z": 0.447398116874486,
      "gold_z": -0.2134549069235821,
      "us10y_z": 0.4153674490209695
    },
    "means": {
      "sp500": 0.11611204792652201,
      "nasdaq": 0.19620459662015907,
      "dow": 0.06328608319591915,
      "sox": 0.5391112014517827,
      "wti": 0.2835340986147327,
      "gold": 0.07866673515481562,
      "us10y": 0.002555302031334341
    },
    "stds": {
      "sp500": 0.8817064357452246,
      "nasdaq": 1.174679216095486,
      "dow": 0.8661192184165982,
      "sox": 2.4095745623908593,
      "wti": 4.53856369443872,
      "gold": 2.044888806845445,
      "us10y": 0.04005940882918859
    },
    "broad_pca_components": [
      0.6015529548505715,
      0.5813797978749025,
      0.5478426536273752
    ],
    "sox_ndx_beta": 0.8558474284279006,
    "basis_ewma": 0.0,
    "weight": 0.0,
    "sample_size": 180,
    "mae": 1.6073244711584027,
    "core_mae": 1.8643231476277358,
    "full_mae": 1.6073244711584027
  },
  "k200Mapping": {
    "intercept": 0.24588165250448862,
    "beta": 0.32621302198640734,
    "sample_size": 240
  },
  "modelMode": "EWYCoreSyntheticK200+ResidualRidge+KOSPIMapping",
  "generatedAt": "2026-05-08T04:28:51.022157+00:00"
}