{
  "selectedFeatures": [
    "broad_factor",
    "tech_factor",
    "semi_factor",
    "wti_z",
    "gold_z",
    "us10y_z"
  ],
  "rmse": 49.5965,
  "mae": 30.5256,
  "featureImportance": {
    "ewy_core": 0.355899,
    "krw_core": 0.2,
    "broad_factor": 0.061707,
    "tech_factor": 0.2875,
    "semi_factor": 0.329374,
    "wti_z": 0.450436,
    "gold_z": 0.222814,
    "us10y_z": 0.397957,
    "basis_ewma": 0.0,
    "k200_to_kospi_beta": 0.328115
  },
  "ewyFxCorrection": {
    "intercept": 0.20591906609663413,
    "ewy_coef": 0.3558994505581168,
    "krw_coef": 0.2,
    "sample_size": 180,
    "r2": 0.2380002524920315,
    "mae": 1.0619990640947756
  },
  "residualModel": {
    "intercept": -0.14186986937890533,
    "coefficients": {
      "broad_factor": -0.061707294630220504,
      "tech_factor": -0.28750031917989405,
      "semi_factor": -0.32937384742690384,
      "wti_z": 0.45043636055815783,
      "gold_z": -0.22281404185854364,
      "us10y_z": 0.39795715368208
    },
    "means": {
      "sp500": 0.0959596028784154,
      "nasdaq": 0.13586970888002708,
      "dow": 0.07563940131613871,
      "sox": 0.4421403991324925,
      "wti": 0.38548540124786607,
      "gold": 0.07617774864384942,
      "us10y": 0.0018947686702003865
    },
    "stds": {
      "sp500": 0.9090956115182101,
      "nasdaq": 1.1806866090832933,
      "dow": 0.8982109361700752,
      "sox": 2.304217949914243,
      "wti": 4.584903599119894,
      "gold": 2.1324169510087247,
      "us10y": 0.04067556781661593
    },
    "broad_pca_components": [
      0.5975191622282507,
      0.5861023023219732,
      0.5472247636784466
    ],
    "sox_ndx_beta": 0.8644913353015887,
    "basis_ewma": 0.0,
    "weight": 0.0,
    "sample_size": 180,
    "mae": 1.5565654532160207,
    "core_mae": 1.8106048396638377,
    "full_mae": 1.5565654532160207
  },
  "k200Mapping": {
    "intercept": 0.19424943067708306,
    "beta": 0.32811462740809616,
    "sample_size": 240
  },
  "modelMode": "EWYCoreSyntheticK200+ResidualRidge+KOSPIMapping",
  "generatedAt": "2026-04-23T03:46:27.230617+00:00"
}