{
  "selectedFeatures": [
    "broad_factor",
    "tech_factor",
    "semi_factor",
    "wti_z",
    "gold_z",
    "us10y_z"
  ],
  "rmse": 46.615,
  "mae": 26.3154,
  "featureImportance": {
    "ewy_core": 0.367658,
    "krw_core": 0.2,
    "broad_factor": 0.003313,
    "tech_factor": 0.208244,
    "semi_factor": 0.321,
    "wti_z": 0.515899,
    "gold_z": 0.215297,
    "us10y_z": 0.403164,
    "basis_ewma": 0.0,
    "k200_to_kospi_beta": 0.352174
  },
  "ewyFxCorrection": {
    "intercept": 0.16101522670664142,
    "ewy_coef": 0.3676577671251979,
    "krw_coef": 0.2,
    "sample_size": 180,
    "r2": 0.24301266347473283,
    "mae": 1.0259000246615986
  },
  "residualModel": {
    "intercept": -0.10631331334506001,
    "coefficients": {
      "broad_factor": 0.0033134379515120647,
      "tech_factor": -0.20824425432443805,
      "semi_factor": -0.32099958996587497,
      "wti_z": 0.5158985999764454,
      "gold_z": -0.2152969210905829,
      "us10y_z": 0.40316419962815947
    },
    "means": {
      "sp500": 0.04765625141398267,
      "nasdaq": 0.05270767500480188,
      "dow": 0.040538121617035044,
      "sox": 0.3360462543041546,
      "wti": 0.49099446649760986,
      "gold": 0.09597696431253855,
      "us10y": 0.0021783178954180972
    },
    "stds": {
      "sp500": 0.9176450607681763,
      "nasdaq": 1.181225227720366,
      "dow": 0.9096959268399814,
      "sox": 2.3860928368777965,
      "wti": 4.2923552409271215,
      "gold": 2.201730053772129,
      "us10y": 0.04131086046758896
    },
    "broad_pca_components": [
      0.5962186240769133,
      0.5863765691894235,
      0.5483483121242132
    ],
    "sox_ndx_beta": 0.874601916006401,
    "basis_ewma": 0.0,
    "weight": 0.0,
    "sample_size": 180,
    "mae": 1.4928466047459965,
    "core_mae": 1.747508767085591,
    "full_mae": 1.4928466047459965
  },
  "k200Mapping": {
    "intercept": 0.15259981933890326,
    "beta": 0.35217393677072956,
    "sample_size": 240
  },
  "modelMode": "EWYCoreSyntheticK200+ResidualRidge+KOSPIMapping",
  "generatedAt": "2026-04-14T12:52:36.877074+00:00"
}