{
  "selectedFeatures": [
    "broad_factor",
    "tech_factor",
    "semi_factor",
    "wti_z",
    "gold_z",
    "us10y_z"
  ],
  "rmse": 50.4327,
  "mae": 31.1551,
  "featureImportance": {
    "ewy_core": 0.354377,
    "krw_core": 0.2,
    "broad_factor": 0.08173,
    "tech_factor": 0.140306,
    "semi_factor": 0.266933,
    "wti_z": 0.475969,
    "gold_z": 0.232623,
    "us10y_z": 0.385749,
    "basis_ewma": 0.0,
    "k200_to_kospi_beta": 0.320024
  },
  "ewyFxCorrection": {
    "intercept": 0.2646241967440876,
    "ewy_coef": 0.3543767522017591,
    "krw_coef": 0.2,
    "sample_size": 180,
    "r2": 0.24434260233893057,
    "mae": 1.0744611443496632
  },
  "residualModel": {
    "intercept": -0.12512578910016794,
    "coefficients": {
      "broad_factor": -0.08173034568735918,
      "tech_factor": -0.14030597850168153,
      "semi_factor": -0.2669330797453686,
      "wti_z": 0.475969155529238,
      "gold_z": -0.232622743375648,
      "us10y_z": 0.38574899373819616
    },
    "means": {
      "sp500": 0.12395761019523813,
      "nasdaq": 0.2013722060453604,
      "dow": 0.07411191493088333,
      "sox": 0.593118350109224,
      "wti": 0.30296773536001254,
      "gold": 0.08317543169811842,
      "us10y": 0.0020567294815491068
    },
    "stds": {
      "sp500": 0.8861245404371961,
      "nasdaq": 1.1828762883296233,
      "dow": 0.8682407308986169,
      "sox": 2.3905541399605443,
      "wti": 4.557679901243003,
      "gold": 2.0752569266698178,
      "us10y": 0.040158902113189544
    },
    "broad_pca_components": [
      0.6014323615516391,
      0.580345165393584,
      0.5490706725756821
    ],
    "sox_ndx_beta": 0.8635565061508251,
    "basis_ewma": 0.0,
    "weight": 0.0,
    "sample_size": 180,
    "mae": 1.596829947854838,
    "core_mae": 1.8538435058862637,
    "full_mae": 1.596829947854838
  },
  "k200Mapping": {
    "intercept": 0.25840118860406025,
    "beta": 0.3200243880507793,
    "sample_size": 240
  },
  "modelMode": "EWYCoreSyntheticK200+ResidualRidge+KOSPIMapping",
  "generatedAt": "2026-05-07T03:55:09.127341+00:00"
}