{
  "selectedFeatures": [
    "broad_factor",
    "tech_factor",
    "semi_factor",
    "wti_z",
    "gold_z",
    "us10y_z"
  ],
  "rmse": 49.125,
  "mae": 30.2113,
  "featureImportance": {
    "ewy_core": 0.366529,
    "krw_core": 0.2,
    "broad_factor": 0.019741,
    "tech_factor": 0.043397,
    "semi_factor": 0.403172,
    "wti_z": 0.552439,
    "gold_z": 0.2209,
    "us10y_z": 0.380387,
    "basis_ewma": 0.0,
    "k200_to_kospi_beta": 0.341224
  },
  "ewyFxCorrection": {
    "intercept": 0.20820900141147577,
    "ewy_coef": 0.3665291718780422,
    "krw_coef": 0.2,
    "sample_size": 180,
    "r2": 0.2399311387087163,
    "mae": 1.052762279447197
  },
  "residualModel": {
    "intercept": -0.08771255647618639,
    "coefficients": {
      "broad_factor": 0.019741180059203476,
      "tech_factor": -0.04339706450398219,
      "semi_factor": -0.40317206814968143,
      "wti_z": 0.552439381252737,
      "gold_z": -0.22089954926610403,
      "us10y_z": 0.38038707612100625
    },
    "means": {
      "sp500": 0.09299091231428869,
      "nasdaq": 0.11941159247484906,
      "dow": 0.07735185543856661,
      "sox": 0.40358951542532495,
      "wti": 0.3056120788943788,
      "gold": 0.10843598889464723,
      "us10y": 0.0012073683403057954
    },
    "stds": {
      "sp500": 0.9102480050035461,
      "nasdaq": 1.1792897302762888,
      "dow": 0.9046442675344669,
      "sox": 2.321370567652404,
      "wti": 4.632930209777496,
      "gold": 2.1432905827956414,
      "us10y": 0.04098789138529554
    },
    "broad_pca_components": [
      0.5978692645619992,
      0.5874080157134932,
      0.545439424288005
    ],
    "sox_ndx_beta": 0.8641669449519941,
    "basis_ewma": 0.0,
    "weight": 0.0,
    "sample_size": 180,
    "mae": 1.5258556391593818,
    "core_mae": 1.7825068729600309,
    "full_mae": 1.5258556391593818
  },
  "k200Mapping": {
    "intercept": 0.20229841067165327,
    "beta": 0.34122362984091675,
    "sample_size": 240
  },
  "modelMode": "EWYCoreSyntheticK200+ResidualRidge+KOSPIMapping",
  "generatedAt": "2026-04-21T07:06:39.569395+00:00"
}