{
  "selectedFeatures": [
    "broad_factor",
    "tech_factor",
    "semi_factor",
    "wti_z",
    "gold_z",
    "us10y_z"
  ],
  "rmse": 50.7013,
  "mae": 31.5162,
  "featureImportance": {
    "ewy_core": 0.363368,
    "krw_core": 0.2,
    "broad_factor": 0.119252,
    "tech_factor": 0.532042,
    "semi_factor": 0.510316,
    "wti_z": 0.42098,
    "gold_z": 0.194065,
    "us10y_z": 0.532224,
    "basis_ewma": 0.373101,
    "k200_to_kospi_beta": 0.357191
  },
  "ewyFxCorrection": {
    "intercept": 0.2824139620424214,
    "ewy_coef": 0.3633681807482972,
    "krw_coef": 0.2,
    "sample_size": 180,
    "r2": 0.27325747307438386,
    "mae": 1.0838493480537066
  },
  "residualModel": {
    "intercept": -0.07258146805410648,
    "coefficients": {
      "broad_factor": -0.11925200653523418,
      "tech_factor": -0.5320415948561853,
      "semi_factor": -0.5103164758328593,
      "wti_z": 0.4209802364839041,
      "gold_z": -0.19406493571139194,
      "us10y_z": 0.5322244638332365
    },
    "means": {
      "sp500": 0.12494364587700713,
      "nasdaq": 0.21490191529280828,
      "dow": 0.0663534728743,
      "sox": 0.5930305716399888,
      "wti": 0.39588502556499283,
      "gold": 0.06490810566359213,
      "us10y": 0.0037677650084152812
    },
    "stds": {
      "sp500": 0.8643188338646111,
      "nasdaq": 1.1827927943090357,
      "dow": 0.8444450522871513,
      "sox": 2.4820626832730124,
      "wti": 4.470934785541001,
      "gold": 2.0024283024962,
      "us10y": 0.03994188026748747
    },
    "broad_pca_components": [
      0.6049321441585094,
      0.5735336622837378,
      0.5523732788533425
    ],
    "sox_ndx_beta": 0.8615663051458443,
    "basis_ewma": 0.37310101749241475,
    "weight": 1.0,
    "sample_size": 180,
    "mae": 1.545909564001977,
    "core_mae": 1.8667182069805457,
    "full_mae": 1.545909564001977
  },
  "k200Mapping": {
    "intercept": 0.2117198146612996,
    "beta": 0.3571908283311903,
    "sample_size": 240
  },
  "modelMode": "EWYCoreSyntheticK200+ResidualRidge+KOSPIMapping",
  "generatedAt": "2026-05-13T05:30:41.123705+00:00"
}