{
  "selectedFeatures": [
    "broad_factor",
    "tech_factor",
    "semi_factor",
    "wti_z",
    "gold_z",
    "us10y_z"
  ],
  "rmse": 49.8331,
  "mae": 30.7517,
  "featureImportance": {
    "ewy_core": 0.349276,
    "krw_core": 0.2,
    "broad_factor": 0.058873,
    "tech_factor": 0.38157,
    "semi_factor": 0.089267,
    "wti_z": 0.516206,
    "gold_z": 0.241683,
    "us10y_z": 0.371157,
    "basis_ewma": 0.0,
    "k200_to_kospi_beta": 0.320807
  },
  "ewyFxCorrection": {
    "intercept": 0.21690355808068823,
    "ewy_coef": 0.349275540218113,
    "krw_coef": 0.2,
    "sample_size": 180,
    "r2": 0.23909536792667163,
    "mae": 1.0600427389318023
  },
  "residualModel": {
    "intercept": -0.09946959611574084,
    "coefficients": {
      "broad_factor": -0.05887343891159394,
      "tech_factor": -0.38156975555146444,
      "semi_factor": -0.0892673072890921,
      "wti_z": 0.5162056665863087,
      "gold_z": -0.2416832314060135,
      "us10y_z": 0.3711569214675405
    },
    "means": {
      "sp500": 0.08939472725480363,
      "nasdaq": 0.1324773690890249,
      "dow": 0.058982547973550216,
      "sox": 0.4353861761223834,
      "wti": 0.4501987471370036,
      "gold": 0.026067028569951543,
      "us10y": 0.00280175359059486
    },
    "stds": {
      "sp500": 0.8913742136999551,
      "nasdaq": 1.1793787322537608,
      "dow": 0.8731923256495152,
      "sox": 2.3538934494031194,
      "wti": 4.479248446845967,
      "gold": 2.088130564672553,
      "us10y": 0.03969298539725168
    },
    "broad_pca_components": [
      0.5998980067152149,
      0.5815118412524493,
      0.5495146586054801
    ],
    "sox_ndx_beta": 0.8584554673692303,
    "basis_ewma": 0.0,
    "weight": 0.0,
    "sample_size": 180,
    "mae": 1.5652860051638677,
    "core_mae": 1.8232271775931155,
    "full_mae": 1.5652860051638677
  },
  "k200Mapping": {
    "intercept": 0.21131757483887215,
    "beta": 0.32080703927399,
    "sample_size": 240
  },
  "modelMode": "EWYCoreSyntheticK200+ResidualRidge+KOSPIMapping",
  "generatedAt": "2026-04-29T12:06:34.222058+00:00"
}