{
  "selectedFeatures": [
    "broad_factor",
    "tech_factor",
    "semi_factor",
    "wti_z",
    "gold_z",
    "us10y_z"
  ],
  "rmse": 49.1252,
  "mae": 30.2115,
  "featureImportance": {
    "ewy_core": 0.366529,
    "krw_core": 0.2,
    "broad_factor": 0.009192,
    "tech_factor": 0.045652,
    "semi_factor": 0.405677,
    "wti_z": 0.50819,
    "gold_z": 0.212826,
    "us10y_z": 0.393025,
    "basis_ewma": 0.0,
    "k200_to_kospi_beta": 0.341224
  },
  "ewyFxCorrection": {
    "intercept": 0.20820900141147577,
    "ewy_coef": 0.3665291718780422,
    "krw_coef": 0.2,
    "sample_size": 180,
    "r2": 0.2399311387087163,
    "mae": 1.052762279447197
  },
  "residualModel": {
    "intercept": -0.08771255647618639,
    "coefficients": {
      "broad_factor": 0.00919228544631197,
      "tech_factor": -0.04565230409200543,
      "semi_factor": -0.4056772579804485,
      "wti_z": 0.5081904773169592,
      "gold_z": -0.21282620007949507,
      "us10y_z": 0.3930254977459749
    },
    "means": {
      "sp500": 0.09299091231428869,
      "nasdaq": 0.11941182836420196,
      "dow": 0.07735185543856661,
      "sox": 0.40359000549515256,
      "wti": 0.2526020236768292,
      "gold": 0.11520321395197512,
      "us10y": 0.0012073683403057954
    },
    "stds": {
      "sp500": 0.9102480050035461,
      "nasdaq": 1.179289644735026,
      "dow": 0.9046442675344669,
      "sox": 2.321370577963018,
      "wti": 4.578675042434908,
      "gold": 2.1402682416832874,
      "us10y": 0.04098789138529554
    },
    "broad_pca_components": [
      0.5978692536516549,
      0.5874080356731901,
      0.5454394147516086
    ],
    "sox_ndx_beta": 0.8641669314492394,
    "basis_ewma": 0.0,
    "weight": 0.0,
    "sample_size": 180,
    "mae": 1.5258556391593818,
    "core_mae": 1.7825068729600309,
    "full_mae": 1.5258556391593818
  },
  "k200Mapping": {
    "intercept": 0.20229841067165327,
    "beta": 0.34122362984091675,
    "sample_size": 240
  },
  "modelMode": "EWYCoreSyntheticK200+ResidualRidge+KOSPIMapping",
  "generatedAt": "2026-04-21T02:24:09.573275+00:00"
}