{
  "selectedFeatures": [
    "broad_factor",
    "tech_factor",
    "semi_factor",
    "wti_z",
    "gold_z",
    "us10y_z"
  ],
  "rmse": 49.406,
  "mae": 30.4043,
  "featureImportance": {
    "ewy_core": 0.363205,
    "krw_core": 0.2,
    "broad_factor": 0.020379,
    "tech_factor": 0.000643,
    "semi_factor": 0.379492,
    "wti_z": 0.553271,
    "gold_z": 0.235529,
    "us10y_z": 0.3854,
    "basis_ewma": 0.0,
    "k200_to_kospi_beta": 0.339569
  },
  "ewyFxCorrection": {
    "intercept": 0.21821154445548807,
    "ewy_coef": 0.36320450744506116,
    "krw_coef": 0.2,
    "sample_size": 180,
    "r2": 0.2395744711678467,
    "mae": 1.0558343003458799
  },
  "residualModel": {
    "intercept": -0.06726759043804507,
    "coefficients": {
      "broad_factor": 0.020378582215230118,
      "tech_factor": 0.0006432510932879889,
      "semi_factor": -0.37949172075880255,
      "wti_z": 0.5532708960015996,
      "gold_z": -0.23552892271109277,
      "us10y_z": 0.3853998315268785
    },
    "means": {
      "sp500": 0.08103291482466284,
      "nasdaq": 0.1108033252934428,
      "dow": 0.06608723172838946,
      "sox": 0.40595992504177075,
      "wti": 0.3457833998313632,
      "gold": 0.06953190004180666,
      "us10y": 0.0018996087542513297
    },
    "stds": {
      "sp500": 0.9080084353816412,
      "nasdaq": 1.1723580852406572,
      "dow": 0.9016764256789623,
      "sox": 2.3037794602773953,
      "wti": 4.608467424237439,
      "gold": 2.148089001363722,
      "us10y": 0.04098459565399412
    },
    "broad_pca_components": [
      0.5973455585941719,
      0.588317463624713,
      0.545032884899619
    ],
    "sox_ndx_beta": 0.8624733436762024,
    "basis_ewma": 0.0,
    "weight": 0.0,
    "sample_size": 180,
    "mae": 1.532841135988817,
    "core_mae": 1.7864947839576153,
    "full_mae": 1.532841135988817
  },
  "k200Mapping": {
    "intercept": 0.20471158260177535,
    "beta": 0.3395693869815956,
    "sample_size": 240
  },
  "modelMode": "EWYCoreSyntheticK200+ResidualRidge+KOSPIMapping",
  "generatedAt": "2026-04-23T23:59:20.349253+00:00"
}