{
  "selectedFeatures": [
    "broad_factor",
    "tech_factor",
    "semi_factor",
    "wti_z",
    "gold_z",
    "us10y_z"
  ],
  "rmse": 50.5182,
  "mae": 31.5203,
  "featureImportance": {
    "ewy_core": 0.364074,
    "krw_core": 0.2,
    "broad_factor": 0.112381,
    "tech_factor": 0.540964,
    "semi_factor": 0.513655,
    "wti_z": 0.424186,
    "gold_z": 0.202046,
    "us10y_z": 0.523925,
    "basis_ewma": 0.0,
    "k200_to_kospi_beta": 0.339518
  },
  "ewyFxCorrection": {
    "intercept": 0.29405537014340455,
    "ewy_coef": 0.36407442834169174,
    "krw_coef": 0.2,
    "sample_size": 180,
    "r2": 0.27359511786100477,
    "mae": 1.0843326502910662
  },
  "residualModel": {
    "intercept": -0.06394316005993853,
    "coefficients": {
      "broad_factor": -0.11238114935834347,
      "tech_factor": -0.5409635812497886,
      "semi_factor": -0.5136547764135524,
      "wti_z": 0.42418591323479005,
      "gold_z": -0.20204569909352432,
      "us10y_z": 0.5239247868129174
    },
    "means": {
      "sp500": 0.13583036940614285,
      "nasdaq": 0.2240804981436527,
      "dow": 0.07742629617515026,
      "sox": 0.592758822502347,
      "wti": 0.4096264627524399,
      "gold": 0.037857026053364516,
      "us10y": 0.0033943319090471635
    },
    "stds": {
      "sp500": 0.86131111334206,
      "nasdaq": 1.1752164215761458,
      "dow": 0.842354296474678,
      "sox": 2.462800936647865,
      "wti": 4.437650629676503,
      "gold": 1.9984567533744333,
      "us10y": 0.039752875427348185
    },
    "broad_pca_components": [
      0.6045113694673988,
      0.5740324732950125,
      0.5523157826709832
    ],
    "sox_ndx_beta": 0.859832663542327,
    "basis_ewma": 0.0,
    "weight": 0.0,
    "sample_size": 180,
    "mae": 1.6236937087350618,
    "core_mae": 1.8516808107714506,
    "full_mae": 1.6236937087350618
  },
  "k200Mapping": {
    "intercept": 0.2761693488744415,
    "beta": 0.3395182634982112,
    "sample_size": 240
  },
  "modelMode": "EWYCoreSyntheticK200+ResidualRidge+KOSPIMapping",
  "generatedAt": "2026-05-15T01:28:22.533796+00:00"
}