{
  "selectedFeatures": [
    "broad_factor",
    "tech_factor",
    "semi_factor",
    "wti_z",
    "gold_z",
    "us10y_z"
  ],
  "rmse": 50.0364,
  "mae": 30.7456,
  "featureImportance": {
    "ewy_core": 0.349825,
    "krw_core": 0.2,
    "broad_factor": 0.046654,
    "tech_factor": 0.337402,
    "semi_factor": 0.119066,
    "wti_z": 0.532307,
    "gold_z": 0.259559,
    "us10y_z": 0.379648,
    "basis_ewma": 0.0,
    "k200_to_kospi_beta": 0.32053
  },
  "ewyFxCorrection": {
    "intercept": 0.22734533221244096,
    "ewy_coef": 0.3498251640891487,
    "krw_coef": 0.2,
    "sample_size": 180,
    "r2": 0.23496215304327017,
    "mae": 1.0700244898049749
  },
  "residualModel": {
    "intercept": -0.08804589271298248,
    "coefficients": {
      "broad_factor": -0.04665367158525169,
      "tech_factor": -0.3374018589578102,
      "semi_factor": -0.11906576594544613,
      "wti_z": 0.5323069036221948,
      "gold_z": -0.25955912543564374,
      "us10y_z": 0.37964837486542885
    },
    "means": {
      "sp500": 0.08787975895154455,
      "nasdaq": 0.12465779014871946,
      "dow": 0.06900213389669764,
      "sox": 0.4628039226435607,
      "wti": 0.4038622011457028,
      "gold": 0.06476903649408768,
      "us10y": 0.0023647885390533172
    },
    "stds": {
      "sp500": 0.9045215592129661,
      "nasdaq": 1.1751910542728534,
      "dow": 0.893068780063678,
      "sox": 2.2922097832611863,
      "wti": 4.556433992024572,
      "gold": 2.1207922001230424,
      "us10y": 0.04049835006215587
    },
    "broad_pca_components": [
      0.5975606307697496,
      0.585935446809722,
      0.5473581503238537
    ],
    "sox_ndx_beta": 0.8547209875472703,
    "basis_ewma": 0.0,
    "weight": 0.0,
    "sample_size": 180,
    "mae": 1.5721386977901293,
    "core_mae": 1.8309972873398892,
    "full_mae": 1.5721386977901293
  },
  "k200Mapping": {
    "intercept": 0.21490437524125436,
    "beta": 0.3205295262579463,
    "sample_size": 240
  },
  "modelMode": "EWYCoreSyntheticK200+ResidualRidge+KOSPIMapping",
  "generatedAt": "2026-04-24T03:37:44.052874+00:00"
}