{
  "selectedFeatures": [
    "broad_factor",
    "tech_factor",
    "semi_factor",
    "wti_z",
    "gold_z",
    "us10y_z"
  ],
  "rmse": 49.9476,
  "mae": 30.8,
  "featureImportance": {
    "ewy_core": 0.349199,
    "krw_core": 0.2,
    "broad_factor": 0.064287,
    "tech_factor": 0.467131,
    "semi_factor": 0.136761,
    "wti_z": 0.510877,
    "gold_z": 0.24125,
    "us10y_z": 0.394521,
    "basis_ewma": 0.0,
    "k200_to_kospi_beta": 0.320329
  },
  "ewyFxCorrection": {
    "intercept": 0.2248222463090156,
    "ewy_coef": 0.34919915373766375,
    "krw_coef": 0.2,
    "sample_size": 180,
    "r2": 0.236623752772815,
    "mae": 1.0660731737247655
  },
  "residualModel": {
    "intercept": -0.10875661403988948,
    "coefficients": {
      "broad_factor": -0.0642866743618789,
      "tech_factor": -0.467130988263677,
      "semi_factor": -0.1367614769141876,
      "wti_z": 0.5108765482670719,
      "gold_z": -0.24125044660386089,
      "us10y_z": 0.39452123541820405
    },
    "means": {
      "sp500": 0.09916654494549836,
      "nasdaq": 0.153202763583259,
      "dow": 0.06541822917628091,
      "sox": 0.5236006828550966,
      "wti": 0.40919540605876675,
      "gold": 0.06636777357237508,
      "us10y": 0.002184009049661817
    },
    "stds": {
      "sp500": 0.9020906641259524,
      "nasdaq": 1.1880841922183587,
      "dow": 0.8868121767910216,
      "sox": 2.323582468558514,
      "wti": 4.518870430679238,
      "gold": 2.102605419740521,
      "us10y": 0.040189059603397775
    },
    "broad_pca_components": [
      0.5996101303048189,
      0.5817568785388321,
      0.5495694914281474
    ],
    "sox_ndx_beta": 0.8603905247618658,
    "basis_ewma": 0.0,
    "weight": 0.0,
    "sample_size": 180,
    "mae": 1.571420488726057,
    "core_mae": 1.8378210823251269,
    "full_mae": 1.571420488726057
  },
  "k200Mapping": {
    "intercept": 0.21355164013883424,
    "beta": 0.3203286725108581,
    "sample_size": 240
  },
  "modelMode": "EWYCoreSyntheticK200+ResidualRidge+KOSPIMapping",
  "generatedAt": "2026-04-27T02:35:40.691392+00:00"
}