{
  "selectedFeatures": [
    "broad_factor",
    "tech_factor",
    "semi_factor",
    "wti_z",
    "gold_z",
    "us10y_z"
  ],
  "rmse": 50.7513,
  "mae": 31.4421,
  "featureImportance": {
    "ewy_core": 0.356258,
    "krw_core": 0.2,
    "broad_factor": 0.100544,
    "tech_factor": 0.008026,
    "semi_factor": 0.484348,
    "wti_z": 0.427487,
    "gold_z": 0.180908,
    "us10y_z": 0.437166,
    "basis_ewma": 0.0,
    "k200_to_kospi_beta": 0.314647
  },
  "ewyFxCorrection": {
    "intercept": 0.2635932903627518,
    "ewy_coef": 0.3562577770963055,
    "krw_coef": 0.2,
    "sample_size": 180,
    "r2": 0.24066606537137558,
    "mae": 1.0779423093440965
  },
  "residualModel": {
    "intercept": -0.029635058221926046,
    "coefficients": {
      "broad_factor": -0.10054373012651653,
      "tech_factor": -0.00802643693784695,
      "semi_factor": -0.4843479487288111,
      "wti_z": 0.42748696682102477,
      "gold_z": -0.18090799986750378,
      "us10y_z": 0.4371655988154156
    },
    "means": {
      "sp500": 0.09458354607235452,
      "nasdaq": 0.16625832567958496,
      "dow": 0.044168119094160886,
      "sox": 0.47847487713180553,
      "wti": 0.42722562341008996,
      "gold": 0.043554059866777774,
      "us10y": 0.003598224692681514
    },
    "stds": {
      "sp500": 0.8719440250494528,
      "nasdaq": 1.159298586060763,
      "dow": 0.8598222317433687,
      "sox": 2.3771336887978562,
      "wti": 4.469338995211833,
      "gold": 2.0351088043114185,
      "us10y": 0.039585656371417664
    },
    "broad_pca_components": [
      0.6021097116000375,
      0.5820062943012162,
      0.546564331612195
    ],
    "sox_ndx_beta": 0.8498258191032617,
    "basis_ewma": 0.0,
    "weight": 0.0,
    "sample_size": 180,
    "mae": 1.6054820597520858,
    "core_mae": 1.8652189525740936,
    "full_mae": 1.6054820597520858
  },
  "k200Mapping": {
    "intercept": 0.2711066504252966,
    "beta": 0.314647209524329,
    "sample_size": 240
  },
  "modelMode": "EWYCoreSyntheticK200+ResidualRidge+KOSPIMapping",
  "generatedAt": "2026-05-08T01:22:31.458989+00:00"
}