{
  "selectedFeatures": [
    "broad_factor",
    "tech_factor",
    "semi_factor",
    "wti_z",
    "gold_z",
    "us10y_z"
  ],
  "rmse": 50.317,
  "mae": 31.1904,
  "featureImportance": {
    "ewy_core": 0.371483,
    "krw_core": 0.2,
    "broad_factor": 0.143667,
    "tech_factor": 0.402226,
    "semi_factor": 0.439591,
    "wti_z": 0.37782,
    "gold_z": 0.180321,
    "us10y_z": 0.478745,
    "basis_ewma": 0.18262,
    "k200_to_kospi_beta": 0.348643
  },
  "ewyFxCorrection": {
    "intercept": 0.2503364154281653,
    "ewy_coef": 0.371482762701865,
    "krw_coef": 0.2,
    "sample_size": 180,
    "r2": 0.26459107100005286,
    "mae": 1.078899769271141
  },
  "residualModel": {
    "intercept": -0.13262236432361552,
    "coefficients": {
      "broad_factor": -0.1436667589078068,
      "tech_factor": -0.40222606384635995,
      "semi_factor": -0.4395909602483169,
      "wti_z": 0.3778203120321958,
      "gold_z": -0.18032144139491285,
      "us10y_z": 0.4787452095570276
    },
    "means": {
      "sp500": 0.1282344563428879,
      "nasdaq": 0.23112603348258262,
      "dow": 0.0635198340111395,
      "sox": 0.6204151923693455,
      "wti": 0.3474743240417547,
      "gold": 0.0700689886155997,
      "us10y": 0.0020842866603488653
    },
    "stds": {
      "sp500": 0.8796249936396558,
      "nasdaq": 1.1958006100494185,
      "dow": 0.8592102009424404,
      "sox": 2.4639600292732124,
      "wti": 4.530670770963314,
      "gold": 2.030647741873052,
      "us10y": 0.03993859516628044
    },
    "broad_pca_components": [
      0.6045892688113029,
      0.5755078615884398,
      0.5506927612454291
    ],
    "sox_ndx_beta": 0.8637430548512254,
    "basis_ewma": -0.18261974756360544,
    "weight": 1.0,
    "sample_size": 180,
    "mae": 1.553199573976445,
    "core_mae": 1.8679411841257265,
    "full_mae": 1.553199573976445
  },
  "k200Mapping": {
    "intercept": 0.3007080366719037,
    "beta": 0.3486427059657436,
    "sample_size": 240
  },
  "modelMode": "EWYCoreSyntheticK200+ResidualRidge+KOSPIMapping",
  "generatedAt": "2026-05-11T02:54:35.538070+00:00"
}