{
  "selectedFeatures": [
    "broad_factor",
    "tech_factor",
    "semi_factor",
    "wti_z",
    "gold_z",
    "us10y_z"
  ],
  "rmse": 50.496,
  "mae": 31.1694,
  "featureImportance": {
    "ewy_core": 0.353532,
    "krw_core": 0.2,
    "broad_factor": 0.066748,
    "tech_factor": 0.088462,
    "semi_factor": 0.197388,
    "wti_z": 0.459666,
    "gold_z": 0.233099,
    "us10y_z": 0.36152,
    "basis_ewma": 0.0,
    "k200_to_kospi_beta": 0.317698
  },
  "ewyFxCorrection": {
    "intercept": 0.2627691867777511,
    "ewy_coef": 0.3535322019028328,
    "krw_coef": 0.2,
    "sample_size": 180,
    "r2": 0.23488656623855553,
    "mae": 1.0802258685573543
  },
  "residualModel": {
    "intercept": -0.04770446553979419,
    "coefficients": {
      "broad_factor": -0.06674845831520465,
      "tech_factor": -0.08846211044599925,
      "semi_factor": -0.19738754829879457,
      "wti_z": 0.459665744610708,
      "gold_z": -0.2330993917252944,
      "us10y_z": 0.3615200048686652
    },
    "means": {
      "sp500": 0.0903046984169441,
      "nasdaq": 0.1522879507679182,
      "dow": 0.043477056481953276,
      "sox": 0.4729422910520088,
      "wti": 0.4947423339653637,
      "gold": 0.01641924113698229,
      "us10y": 0.003540327722882094
    },
    "stds": {
      "sp500": 0.8784734277577892,
      "nasdaq": 1.1673411662125865,
      "dow": 0.8644055011484965,
      "sox": 2.330972852135747,
      "wti": 4.502965748618163,
      "gold": 2.060839729671929,
      "us10y": 0.039873200466413156
    },
    "broad_pca_components": [
      0.6018484707299026,
      0.5815439295076629,
      0.5473436546931585
    ],
    "sox_ndx_beta": 0.8565056495931012,
    "basis_ewma": 0.0,
    "weight": 0.0,
    "sample_size": 180,
    "mae": 1.5786468894457888,
    "core_mae": 1.8358756863716401,
    "full_mae": 1.5786468894457888
  },
  "k200Mapping": {
    "intercept": 0.2557671627343644,
    "beta": 0.3176984527406624,
    "sample_size": 240
  },
  "modelMode": "EWYCoreSyntheticK200+ResidualRidge+KOSPIMapping",
  "generatedAt": "2026-05-04T21:47:53.288841+00:00"
}