{
  "selectedFeatures": [
    "broad_factor",
    "tech_factor",
    "semi_factor",
    "wti_z",
    "gold_z",
    "us10y_z"
  ],
  "rmse": 49.584,
  "mae": 30.5215,
  "featureImportance": {
    "ewy_core": 0.355899,
    "krw_core": 0.2,
    "broad_factor": 0.046619,
    "tech_factor": 0.275249,
    "semi_factor": 0.318328,
    "wti_z": 0.500009,
    "gold_z": 0.23471,
    "us10y_z": 0.380637,
    "basis_ewma": 0.0,
    "k200_to_kospi_beta": 0.328115
  },
  "ewyFxCorrection": {
    "intercept": 0.20591906609663413,
    "ewy_coef": 0.3558994505581168,
    "krw_coef": 0.2,
    "sample_size": 180,
    "r2": 0.2380002524920315,
    "mae": 1.0619990640947756
  },
  "residualModel": {
    "intercept": -0.1418698693789053,
    "coefficients": {
      "broad_factor": -0.04661948861930939,
      "tech_factor": -0.2752488610045867,
      "semi_factor": -0.31832773965358047,
      "wti_z": 0.500008856075916,
      "gold_z": -0.23470989919605217,
      "us10y_z": 0.3806369165099101
    },
    "means": {
      "sp500": 0.0959596028784154,
      "nasdaq": 0.13586994173127023,
      "dow": 0.07563940131613871,
      "sox": 0.44214087386825046,
      "wti": 0.3531662581429367,
      "gold": 0.080492694919538,
      "us10y": 0.0018947763269124413
    },
    "stds": {
      "sp500": 0.9090956115182101,
      "nasdaq": 1.1806869203438652,
      "dow": 0.8982109361700752,
      "sox": 2.304218411013952,
      "wti": 4.574078213653301,
      "gold": 2.133449624518524,
      "us10y": 0.040675567836441405
    },
    "broad_pca_components": [
      0.5975191942333139,
      0.5861022340358144,
      0.5472248018693949
    ],
    "sox_ndx_beta": 0.8644914013625745,
    "basis_ewma": 0.0,
    "weight": 0.0,
    "sample_size": 180,
    "mae": 1.5565654532160207,
    "core_mae": 1.8106048396638377,
    "full_mae": 1.5565654532160207
  },
  "k200Mapping": {
    "intercept": 0.19424943067708306,
    "beta": 0.32811462740809616,
    "sample_size": 240
  },
  "modelMode": "EWYCoreSyntheticK200+ResidualRidge+KOSPIMapping",
  "generatedAt": "2026-04-23T11:50:33.692523+00:00"
}