{
  "selectedFeatures": [
    "broad_factor",
    "tech_factor",
    "semi_factor",
    "wti_z",
    "gold_z",
    "us10y_z"
  ],
  "rmse": 48.1708,
  "mae": 29.7708,
  "featureImportance": {
    "ewy_core": 0.374773,
    "krw_core": 0.2,
    "broad_factor": 0.022542,
    "tech_factor": 0.015546,
    "semi_factor": 0.501959,
    "wti_z": 0.460626,
    "gold_z": 0.19017,
    "us10y_z": 0.42988,
    "basis_ewma": 0.0,
    "k200_to_kospi_beta": 0.355327
  },
  "ewyFxCorrection": {
    "intercept": 0.2028485620126879,
    "ewy_coef": 0.3747726319982447,
    "krw_coef": 0.2,
    "sample_size": 180,
    "r2": 0.2464139440679568,
    "mae": 1.0403046288303412
  },
  "residualModel": {
    "intercept": -0.07732478847992927,
    "coefficients": {
      "broad_factor": 0.02254161489283617,
      "tech_factor": -0.015545570321808217,
      "semi_factor": -0.5019588916909978,
      "wti_z": 0.4606263981982136,
      "gold_z": -0.1901704131843157,
      "us10y_z": 0.4298797004127839
    },
    "means": {
      "sp500": 0.07660140294816994,
      "nasdaq": 0.10123297401413991,
      "dow": 0.04635932623300354,
      "sox": 0.3594098938889309,
      "wti": 0.35401422530528653,
      "gold": 0.12710703728592426,
      "us10y": 0.001954271459242101
    },
    "stds": {
      "sp500": 0.9190822181305184,
      "nasdaq": 1.194759046735401,
      "dow": 0.8994907178793872,
      "sox": 2.359786664347703,
      "wti": 4.363642624682705,
      "gold": 2.178582645491326,
      "us10y": 0.04109055241469554
    },
    "broad_pca_components": [
      0.5963852587027482,
      0.5827145486834017,
      0.552058310285024
    ],
    "sox_ndx_beta": 0.8630147635820978,
    "basis_ewma": 0.0,
    "weight": 0.0,
    "sample_size": 180,
    "mae": 1.4982007118521474,
    "core_mae": 1.7608536378554498,
    "full_mae": 1.4982007118521474
  },
  "k200Mapping": {
    "intercept": 0.19241448965976102,
    "beta": 0.3553270990747006,
    "sample_size": 240
  },
  "modelMode": "EWYCoreSyntheticK200+ResidualRidge+KOSPIMapping",
  "generatedAt": "2026-04-16T03:39:47.984242+00:00"
}