{
  "selectedFeatures": [
    "broad_factor",
    "tech_factor",
    "semi_factor",
    "wti_z",
    "gold_z",
    "us10y_z"
  ],
  "rmse": 49.5094,
  "mae": 30.2989,
  "featureImportance": {
    "ewy_core": 0.353071,
    "krw_core": 0.2,
    "broad_factor": 0.010194,
    "tech_factor": 0.155096,
    "semi_factor": 0.405571,
    "wti_z": 0.421475,
    "gold_z": 0.221328,
    "us10y_z": 0.463114,
    "basis_ewma": 0.0,
    "k200_to_kospi_beta": 0.339334
  },
  "ewyFxCorrection": {
    "intercept": 0.2399370286617656,
    "ewy_coef": 0.3530708032424378,
    "krw_coef": 0.2,
    "sample_size": 180,
    "r2": 0.23448437786647558,
    "mae": 1.0623886219334446
  },
  "residualModel": {
    "intercept": -0.0831805836635873,
    "coefficients": {
      "broad_factor": -0.010194354793266525,
      "tech_factor": 0.15509644774471965,
      "semi_factor": -0.40557130618252224,
      "wti_z": 0.42147487422204943,
      "gold_z": -0.22132779110631745,
      "us10y_z": 0.4631136675589002
    },
    "means": {
      "sp500": 0.08658203452564887,
      "nasdaq": 0.11765204459975263,
      "dow": 0.06796020710269382,
      "sox": 0.40433492063311083,
      "wti": 0.20233259794551817,
      "gold": 0.10869402368755819,
      "us10y": 0.0018175393806600102
    },
    "stds": {
      "sp500": 0.9139514601774297,
      "nasdaq": 1.1800080281749583,
      "dow": 0.9085285014947216,
      "sox": 2.321393578793131,
      "wti": 4.561629592651782,
      "gold": 2.1431514074615317,
      "us10y": 0.041306529741744445
    },
    "broad_pca_components": [
      0.5974546569652189,
      0.5881605713249364,
      0.5450826315425
    ],
    "sox_ndx_beta": 0.8634552704653766,
    "basis_ewma": 0.0,
    "weight": 0.0,
    "sample_size": 180,
    "mae": 1.5265054169051053,
    "core_mae": 1.7843099269318836,
    "full_mae": 1.5265054169051053
  },
  "k200Mapping": {
    "intercept": 0.21744126950330714,
    "beta": 0.3393341037515828,
    "sample_size": 240
  },
  "modelMode": "EWYCoreSyntheticK200+ResidualRidge+KOSPIMapping",
  "generatedAt": "2026-04-22T01:08:45.625291+00:00"
}