{
  "selectedFeatures": [
    "broad_factor",
    "tech_factor",
    "semi_factor",
    "wti_z",
    "gold_z",
    "us10y_z"
  ],
  "rmse": 48.1708,
  "mae": 29.7708,
  "featureImportance": {
    "ewy_core": 0.374773,
    "krw_core": 0.2,
    "broad_factor": 0.023296,
    "tech_factor": 0.015215,
    "semi_factor": 0.495622,
    "wti_z": 0.459686,
    "gold_z": 0.20127,
    "us10y_z": 0.428009,
    "basis_ewma": 0.0,
    "k200_to_kospi_beta": 0.355327
  },
  "ewyFxCorrection": {
    "intercept": 0.20284856201268786,
    "ewy_coef": 0.37477263199824473,
    "krw_coef": 0.2,
    "sample_size": 180,
    "r2": 0.2464139440679568,
    "mae": 1.0403046288303412
  },
  "residualModel": {
    "intercept": -0.07732478847992923,
    "coefficients": {
      "broad_factor": 0.023295663874741513,
      "tech_factor": -0.015215422840396283,
      "semi_factor": -0.495621899157627,
      "wti_z": 0.4596858020017011,
      "gold_z": -0.20127033089564053,
      "us10y_z": 0.42800921969474026
    },
    "means": {
      "sp500": 0.07660140294816994,
      "nasdaq": 0.10123297401413991,
      "dow": 0.04635932623300354,
      "sox": 0.35941074249041227,
      "wti": 0.3496229058156084,
      "gold": 0.11175890240656781,
      "us10y": 0.001954271459242101
    },
    "stds": {
      "sp500": 0.9190822181305185,
      "nasdaq": 1.194759046735401,
      "dow": 0.8994907178793872,
      "sox": 2.3597865941833955,
      "wti": 4.363848036907821,
      "gold": 2.179716573335749,
      "us10y": 0.04109055241469554
    },
    "broad_pca_components": [
      0.5963852587027482,
      0.5827145486834016,
      0.552058310285024
    ],
    "sox_ndx_beta": 0.863015178144437,
    "basis_ewma": 0.0,
    "weight": 0.0,
    "sample_size": 180,
    "mae": 1.4982007118521474,
    "core_mae": 1.7608536378554498,
    "full_mae": 1.4982007118521474
  },
  "k200Mapping": {
    "intercept": 0.19241448965976102,
    "beta": 0.3553270990747006,
    "sample_size": 240
  },
  "modelMode": "EWYCoreSyntheticK200+ResidualRidge+KOSPIMapping",
  "generatedAt": "2026-04-16T11:34:43.019979+00:00"
}