{
  "selectedFeatures": [
    "broad_factor",
    "tech_factor",
    "semi_factor",
    "wti_z",
    "gold_z",
    "us10y_z"
  ],
  "rmse": 50.4544,
  "mae": 31.4023,
  "featureImportance": {
    "ewy_core": 0.371483,
    "krw_core": 0.2,
    "broad_factor": 0.129121,
    "tech_factor": 0.350522,
    "semi_factor": 0.424427,
    "wti_z": 0.41506,
    "gold_z": 0.197322,
    "us10y_z": 0.456724,
    "basis_ewma": 0.171211,
    "k200_to_kospi_beta": 0.349295
  },
  "ewyFxCorrection": {
    "intercept": 0.2503364154281653,
    "ewy_coef": 0.371482762701865,
    "krw_coef": 0.2,
    "sample_size": 180,
    "r2": 0.26459107100005286,
    "mae": 1.078899769271141
  },
  "residualModel": {
    "intercept": -0.13262236432361554,
    "coefficients": {
      "broad_factor": -0.12912114674600536,
      "tech_factor": -0.35052171756158423,
      "semi_factor": -0.424427210379255,
      "wti_z": 0.4150595126730844,
      "gold_z": -0.19732213432757456,
      "us10y_z": 0.45672410845985734
    },
    "means": {
      "sp500": 0.1282344563428879,
      "nasdaq": 0.23112603348258262,
      "dow": 0.0635198340111395,
      "sox": 0.6204151923693455,
      "wti": 0.2907027888350109,
      "gold": 0.08459300668536335,
      "us10y": 0.0020842866603488653
    },
    "stds": {
      "sp500": 0.8796249936396558,
      "nasdaq": 1.1958006100494185,
      "dow": 0.8592102009424404,
      "sox": 2.4639600292732124,
      "wti": 4.504405608734694,
      "gold": 2.0299879937923775,
      "us10y": 0.03993859516628044
    },
    "broad_pca_components": [
      0.6045892688113029,
      0.5755078615884398,
      0.5506927612454291
    ],
    "sox_ndx_beta": 0.8637430548512254,
    "basis_ewma": -0.1712111676891508,
    "weight": 1.0,
    "sample_size": 180,
    "mae": 1.5538413934127928,
    "core_mae": 1.8679411841257265,
    "full_mae": 1.5538413934127928
  },
  "k200Mapping": {
    "intercept": 0.2973331839249456,
    "beta": 0.3492954776052936,
    "sample_size": 240
  },
  "modelMode": "EWYCoreSyntheticK200+ResidualRidge+KOSPIMapping",
  "generatedAt": "2026-05-12T21:37:45.782979+00:00"
}