{
  "selectedFeatures": [
    "broad_factor",
    "tech_factor",
    "semi_factor",
    "wti_z",
    "gold_z",
    "us10y_z"
  ],
  "rmse": 49.328,
  "mae": 30.3529,
  "featureImportance": {
    "ewy_core": 0.366208,
    "krw_core": 0.2,
    "broad_factor": 0.019751,
    "tech_factor": 0.041741,
    "semi_factor": 0.402894,
    "wti_z": 0.55529,
    "gold_z": 0.221217,
    "us10y_z": 0.380828,
    "basis_ewma": 0.0,
    "k200_to_kospi_beta": 0.340852
  },
  "ewyFxCorrection": {
    "intercept": 0.20712882212045383,
    "ewy_coef": 0.3662082992644665,
    "krw_coef": 0.2,
    "sample_size": 180,
    "r2": 0.2396715786965058,
    "mae": 1.0530839460850463
  },
  "residualModel": {
    "intercept": -0.08860409451464547,
    "coefficients": {
      "broad_factor": 0.01975142853636273,
      "tech_factor": -0.04174071471662499,
      "semi_factor": -0.4028937100753742,
      "wti_z": 0.5552896381930211,
      "gold_z": -0.2212166931114441,
      "us10y_z": 0.38082750341184346
    },
    "means": {
      "sp500": 0.09299091231428869,
      "nasdaq": 0.11941159247484906,
      "dow": 0.07735185543856661,
      "sox": 0.40358951542532495,
      "wti": 0.3056120788943788,
      "gold": 0.10843598889464723,
      "us10y": 0.0012073683403057954
    },
    "stds": {
      "sp500": 0.9102480050035461,
      "nasdaq": 1.1792897302762888,
      "dow": 0.9046442675344669,
      "sox": 2.321370567652404,
      "wti": 4.632930209777496,
      "gold": 2.1432905827956414,
      "us10y": 0.04098789138529554
    },
    "broad_pca_components": [
      0.5978692645619992,
      0.5874080157134932,
      0.545439424288005
    ],
    "sox_ndx_beta": 0.8641669449519941,
    "basis_ewma": 0.0,
    "weight": 0.0,
    "sample_size": 180,
    "mae": 1.5262048530344288,
    "core_mae": 1.7830091086816031,
    "full_mae": 1.5262048530344288
  },
  "k200Mapping": {
    "intercept": 0.20132721613515303,
    "beta": 0.34085201270825505,
    "sample_size": 240
  },
  "modelMode": "EWYCoreSyntheticK200+ResidualRidge+KOSPIMapping",
  "generatedAt": "2026-04-22T22:26:39.753206+00:00"
}