{
  "selectedFeatures": [
    "broad_factor",
    "tech_factor",
    "semi_factor",
    "wti_z",
    "gold_z",
    "us10y_z"
  ],
  "rmse": 50.5666,
  "mae": 31.4112,
  "featureImportance": {
    "ewy_core": 0.358127,
    "krw_core": 0.2,
    "broad_factor": 0.094706,
    "tech_factor": 0.080189,
    "semi_factor": 0.37395,
    "wti_z": 0.447398,
    "gold_z": 0.213455,
    "us10y_z": 0.415368,
    "basis_ewma": 0.0,
    "k200_to_kospi_beta": 0.326213
  },
  "ewyFxCorrection": {
    "intercept": 0.23380764990011102,
    "ewy_coef": 0.35812675520804926,
    "krw_coef": 0.2,
    "sample_size": 180,
    "r2": 0.250923313150211,
    "mae": 1.0750846262934046
  },
  "residualModel": {
    "intercept": -0.08455990219288892,
    "coefficients": {
      "broad_factor": -0.09470613880107104,
      "tech_factor": -0.08018854103987173,
      "semi_factor": -0.37394968621899216,
      "wti_z": 0.4473980828034608,
      "gold_z": -0.21345491821226806,
      "us10y_z": 0.41536774037363383
    },
    "means": {
      "sp500": 0.11611204792652201,
      "nasdaq": 0.19620459662015907,
      "dow": 0.06328608319591915,
      "sox": 0.5391112014517827,
      "wti": 0.2835340986147327,
      "gold": 0.07866673515481562,
      "us10y": 0.002555309688046396
    },
    "stds": {
      "sp500": 0.8817064357452246,
      "nasdaq": 1.174679216095486,
      "dow": 0.8661192184165982,
      "sox": 2.4095745623908593,
      "wti": 4.53856369443872,
      "gold": 2.044888806845445,
      "us10y": 0.040059415221606304
    },
    "broad_pca_components": [
      0.6015529548505715,
      0.5813797978749025,
      0.5478426536273752
    ],
    "sox_ndx_beta": 0.8558474284279006,
    "basis_ewma": 0.0,
    "weight": 0.0,
    "sample_size": 180,
    "mae": 1.6073244711584027,
    "core_mae": 1.8643231476277358,
    "full_mae": 1.6073244711584027
  },
  "k200Mapping": {
    "intercept": 0.24588165250448862,
    "beta": 0.32621302198640734,
    "sample_size": 240
  },
  "modelMode": "EWYCoreSyntheticK200+ResidualRidge+KOSPIMapping",
  "generatedAt": "2026-05-12T00:10:01.378423+00:00"
}